index,original_sequence,designed_sequence,length,eval_model_performance,generator_model_performance,robustness
0,GMQTPALIIVTGHPATGKTTLSQALATGLRLPLLSKDAFKEVMFDGLGWSDREWSRRVGATAIMMLYHTAATILQSGQSLIMESNFRVDLDTERMQNLHTIAPFTPIQIRCVASGDVLVERILSRIAQGARSPADLELVRSRGDIPPLPLGGPLLTVDTTFPEQIDMNAIVQWVRQHLQSGT,IRCIGDQIVINNGFIIRRNGQGSIGIGDLQCNDFIDHILDRILKIDCCFKCDTINTETACSHDFLIAVNPLQQHHFAPVFAFNKIDDLFPRTRLNYILIKRHRIIAALGLICHGRMNTTSTTYGWIDWHGQDNDFHLVSACWRFVRNTHINLDYTMICALIQFCGRHNNVGDFGLIHNGGRD,182,0.6673232,0.24220514,0.22872579
1,HKGDVMIVDDDAHVRIAVKTILSDAGFHIISADSGGQCIDLLKKGFSGVVLLDIMMPGMDGWDTIRAILDNSLEQGIAIVMLTAKNAPDAKMIGLQEYVVDYITKPFDNEDLIEKTTFFMGFVRNQ,KMPDMFIVIKGPQDPHVGWNGGKEVVDLLDFADQGCWMIGHNKHMPYGGGIWIFYDHPMAAMEFFHMPAMMKPHKNFTRVACFPHHSCKYKKEYIEKHVSIPTMMKYFDHDMCEELNKHMAYIHMT,126,0.88637346,0.70183605,0.7492529
2,METLRVSSKSRPNSVAGAIAAMLRTKGEVEVQAIGPQAVNQAVKAIAIARGYIAPDNLDLVVKPAFVKLELENEERTALKFSIKAHPLET,IWEVKGWPRCKPEYFGGDVICISKDGAIVMCCPIMDYTMEVARHFFELMFGKGPLWFPIFHNKRMKFVPHTKHARPDVCIIFINMWVSWR,90,0.83756804,0.72993314,0.8158304
3,THDLRVSLEEIYSGCTKKMKISHKRLNPDGKSIRNEDKILTIEVKKGWKEGTKITFPKEGDQTSNNIPADIVFVLKDKPHNIFKRDGSDVIYPARISLREALCGCTVNVPTLDGRTIPVVFKDVIRPGMRRKVPGEGLPLPKTPEKRGDLIIEFEVIFPERIPQTSRTVLEQVLPI,TSWGKVLWGNQEYMPNIENEGIWDGVSEGQEISQDWDDNAWTEPPGWEIDQAQVIHKDEFGWNGEDDIEYCVCLNNYKDHQDCEEIHFAFDWVMENLSECGISFIPGIMCFWALENETVDLDQWMQTLMPDEDIGCIPICSDSIEWDTIIVFIYLSKEEEEQNELDKKNFERYMWH,176,0.86950654,0.59743696,0.68796
4,FLFSMSTGPFICTVKDNQVFVANLPWTMLEGDDIQVGKEFAARVEDCTNVKHDMAPTCTKPPPFCGPQDMKMFNFVGCSVLGNKLFIDQKYVRDLTAKDHAEVQTFREKIAAFEEQSPPPPPSFCTV,GNTDECHDQDKGMARNNVVIGFRFWAEMDNCRKFKDVARIVNCIMDEMQDRRAAPMWPCKHCYCCDKVDINLPIMQIVFNACNMFCCKRDNKIMDPNNCMEVCKQEYNHMAGSGKQRNTTIIIMDDW,127,0.7449548,0.5092992,0.6638969
5,KPLEEAFDWDEYPVQRVTATGYTAGAESTGKNPGDPLYGLTYSGVKVKRDLYSTVAADPSVFPIGTILFIPNYGLGVVADTGSAIKGNRLDLYFETVKDVYNEWGKKTLDVYVIKKGTGKITEDELEKLNETKSLQVFRNQYKTVK,HDPSKGMHNAMTHDEKITCCMCHVFPMAMMQPKQWEAMATNTFDMQTTTTPDGWFCLPAQCGCLKQEWTINEGLYCLLMCVPDDARMHMVMTACDWDDFMQDSNVENQPDMNMNQHQGDKMDKSQPMNHPEPKHMQNWHMNMKSSY,146,0.70086265,0.5902998,0.7282479
6,MADVSQYHVNHLVTFCLGEEDGVHTVEDASRKLAVMDSQGRVWAQEMLLRVSPSQVTLLDPVSKEELESYPLDAIVRCDAVMPRGRSRSLLLLVCQEPERAQPDVHFFQGLLLGAELIREDIQGALQNYR,WVQVYKFTMPISIHTQVNDKEEPKAMTSVIKHWKKPLDLAPCPAYDVPCWVAIVHAFFDMWRSPSQPIMIFPKDMVDVRIMKPRNSDNKFWIMMYKNDTNMDCTTASLWFNKGGVLDFRKCLKQQIKQRQ,130,0.92520404,0.7951427,0.78794
7,MTPIEYIDRALALVVDRLARYPGYEVLLSAEKQLQYIRSVLLDRSLDRSALHRLTLGSIAVKEFDETDPELSRALKDAYYVGIRTGRGLKVDLP,NNGLRAIQWVWGACYNYCQRNQWQIPCDFMYKYCRFCNMIWNNRWNFHYWVWYCMGPCFSVRNMNRQWNWNVHQAQDMQNAMVYIAKFWHMNFN,94,0.81336343,0.742894,0.78506124
8,MNFVLSDVADAEAEKAIRDPLVAYNLARFGESDKRDLNITIRNDDNSVTGGLVGHTARGWLYVQLLFVPEAMRGQGIAPKLLAMAEEEARKRGCMGAYIDTMNPDALRTYERYGFTKIGSLGPLSSGQSITWLEKRF,DENQMPYEDDMKPYWPRQPAFQPKNERKGIKLNYKKQKFNWYDKYKDEWVACWVWCPFIMPHFYSSPCSWLGMDWMPACWNPCNAWRHSRKKLPWQTWFRTNCYRPCKINPWQFAYHRSEWMHAYQPFPMIHCACRC,137,0.81138,0.6388826,0.768829
9,RVINHPYYFPFNGKQAEDYLRSKERGDFVIRQSSRGDDHLAITWKLDKDLFQHVDIQELEKENPLALGKVLVVEGQRYHDLDQIIVEYLQNKIRLLNELTSNEKFKAGTKKEVVKFIEDYSKVNPKKSVYYFSLNYENPGWFYLIFKLNAESKLYIWNVKLTHTGFFLVNYNYPTVIQLCNGFKTLLKSSNTRN,HMMQTPQWKPIQWHDILKKMPHAQHACYRVVMDPKIKDDWIVFFDDDDQMKVMWNTWEGHDHKGKFMNPWIFDYKQKPDQLKSPWQNYVRHQKHMIHNDLQSKHHHVFKTKQARQMGWNLKKQWSQHHYWAVYPIGHNASHVYWGASYHQHAKHQWYGLTMIHMSLPAQNLYGNDMKGLHGLIKHQQHHLKANR,194,0.8097677,0.6452954,0.689579
10,PFATADIAEKMWAENYETTSPAPVLVAEEQVTIPCTVMTHSWPMVSIRARFCRSHDGSDELILDAVKGHRLMNGLQYRLPYATWNFSQLHLGQIFSLTFNVSTDTAGMYECVLRNYSHGLIMQRFVILTQLETLSTPALGRYSLGDQIWSPTPWRLRNHRNYFYIGRAPDEEPDRCWTVIQRYRLP,MPAQNFWQKWAHNKGYRHFLGGPWIMMLCRHPLPFICSNVPMTWAFKISFAIWVMHGLPMHVAFFMMDPNQRCCCWEWCRKRNWCPICDWCGNMPMSTLAVCLWHAEAVAFCCMAHSAWPCMPLCAIWLIFYNLQDHTFWPDMKYHTPYDMFQWAAGHMKQIFACHKHKPRSMWFFHKIWRHNCRA,186,0.6230453,0.37025088,0.6056169
11,ETDLLMKMVRQPVKLYSVATLFHEFSEVITKLEHSVQKEPTSLLSEENWHKQFLKFAQALPAHGSASWLNLDDALQAVVGNSRSAFLHQLIAKLKSRHLQVLELNKIGSEPLDLSNLPAPFYVLLPESFAARITLLVQDKALPYVRVSMEYWHALEYKGELN,DHNCHPWCSEGHCDPINCEKVFRMMNEFNDFIMREWKINPNWFPWEKRMNKHINQTSELLGMDKPIDQTHMWVTYMCFDEKMKFVHFECCFEAKRMMARDCPRPHWPPDHHHDNDPHMDWVHVIMPCDCCVTGKYTFQSEHFPHITHDHKDENWPRHNCEHW,162,0.7140785,0.5678722,0.75819933
12,SNATAYIIVGLTPKDAEKLQQYGARVASTLAKYSGEVLVKGSVEQLHGKFEHKAQVILEFPSREDAYNWYHSEEYQALISTRDLGMDSQFQLIG,YYPWLIMYCPPFFYIQWMPYWPQCRIMNWIKNQSAKVWQDKMPMYPRPKCPGNGDMQAWFINNKAWPIVMASPMAQQCWYVMLVVINDPYFASM,94,0.89856887,0.6510115,0.71086824
13,DKAGVLHRTKTADKGKRLRKKHWSASWTVLEGGVLTFFKDSKTSGLRQPSKFSTPEYTVELRGATLSWAPKDKSSRKNVLELRSRDGSEYLIQHDSEAIISTWHKAIAQGIQ,QYDISGYFAVGYYKTEKGDDHYMIEIWIASNWVQDCGPKGVSDMTDKANTCGGDSKNPVYGGWYPLWHNPWYGDWIGLEFCVDPYWMVFHQVSTRNTSGAITSTRCDWRGAA,112,0.5837896,0.52909565,0.70000446
14,NEDLDEGIMVVYKRNGCQLTFWEASERTIRSEAEDSYHFSSAKMTATFLSKKQEVNMSDSALDCVRDEAINKLQQIFNTSYNQTYEKYGNVSVFETTGGLVVFWQGIKQK,SQSNDWFIAFNVKNDDKWTPFSWSMIDADCSSMNQITNWTFHNGKADIDMSHDKCKGDMKVVDDIRSASSDYCNKNSKDNVKEYNSHDPTGISCVFQDVVWMIYDFSWWD,110,0.6385342,0.62969625,0.79272676
15,GMTAPTLSRAAMEKVIRTYYDGCNEADEAKMIACFVPEAVHYFPAGMYGGAFRGAAQIAHRWRTAVETLGSYWTIDALVIDAETAEAAIEWTHFKTNQDKVLRGAECVEFDRASGLIREIRAFYASPQAEGIARLELGDFDYAGRGYRVTSPRKPA,MIKNMKVVYMAWLKFSHTISYVCGYTEPFLNVMWISPHESEFICIDDWTMIWKILVLMIKRWMVVEPFRFGKPTNPNWKSMMKGMTIHPDSFQMGEKIDGNWYPYADYKIVYGNMMIWWYHVPIPMPHAGPEDHIMKIPGHHWETTYQEPDDKMCM,156,0.84872216,0.5903499,0.6611533
16,MRERTEARRRRIEEVLRRRQPDLTVLLENVHKPHNLSAILRTCDAVGVLEAHAVNPTGGVPTFNETSGGSHKWVYLRVHPDLHEAFRFLKERGFTVYATALREDARDFREVDYTKPTAVLFGAEKWGVSEEALALADGAIKIPMLGMVQSLNVSVAAAVILFEAQRQRLKAGLYDRPRLDPELYQKVLADW,PGDDGPPDDDPPNDHNQSILNLPGETMFPTDGGNGVWVPAGEAYSLPCCMILCAYPNQCDHRNQNGRMMNQHHPNFDNMDILCEPIHELNNDNFPACWFDNQNNNQFDHNCEACECGIICNVEHPNPPTENERGPGDKMMIVGGQNQNQDPMFYAVIFQSEYCDRKHCIQKMNANHHPFNNEFPQQAINLG,191,0.8917488,0.6144831,0.63565123
17,TSSACAPETGLQQLVATIVPDEQRISFWPQHFGLIPQWVTLEPRVFGWMDRLCCIWNLYTLNNGGAFMAPEETWVLFNAMNGNRAEMSPEAAGIAACLMTYSHHACRTECYAMTVHYYRLRDYALQHPECSAIMRIID,ESPEMSMTNFKGKWGIRPAPREASEVIWMPIDMDAMSTDAIQNASQQCGMLGMPWLENCMFDCWTMSQMLKKGVDLMPMNQWCHNRMTRWGIAQYWCMIMDYMSDKNVQCKNNQLRFDLCYMVLKDVNWMQLWVDMVG,138,0.54586244,0.41008705,0.67260903
18,GYNPPGDGACGYRCLAFMNGATVVSAGCSSDLWCDDELAYRVFQLSPTFTVTIPGGRVCPNAKYAMICDKQHWRVKRAKGVGLCLDESCFRGICNCQRMSGPPPAPVSAAVLDHILEAATFGNVRVV,DPHDEDMMLAAFVAHSCIMDQNCVCYGDGKHGDCTKDQVWKACKYNCCVNSIWGHHWAVWWGEMGIHCPERHCHDHNAHGNCCPHDKCTGRVRGFFNRHNMRWVDWACNWTMHYCVKYIAWNIPWCM,127,0.6832133,0.58056825,0.71907836
19,GEATTIWGVGADEAIDKGTPSKNDLQNMSADLAKNGFKGHQGVACSTVKDGNKDVYMIKFSLAGGSNDPGGSPCSDD,CQITCKWKISNAGQKKEIRNPIDMITPWTYTETDQTVNGRSAQPVITMHETQDGSWWNIECCAGLAEENGSFPIGIM,77,0.7139917,0.5287418,0.71911985
20,EARYSVMTKSELEALAVSAIREHRRLLWADQAVYEEWLRASDDPSISGPVLQTLQDEYVARQKRSEAQQEELSDILDALGFVPDVP,PVKAWWAHRDDFDYYCCHVWKMVFMEEEEYHCLWEKIEEMYHDDRFWQWHHYECWHQNPTIAQEAKDWKEYSNACVQIWHQKIKCK,86,0.84573764,0.7309359,0.7622024
21,GMIEKVYEFKRDAKTKVVEKLVNTEHVQINHIVLPRGEQMPKHYSNSYVHLIIIKGEMTLTLEDQEPHNYKEGNIVYVPFNVKMLIQNINSDILEFFVVKAPHPKKLNA,LNDRDIDDNHEAWPPRIFHKCAERKDKPVIIFSTCKTWYYEDEEMVEDFMGIGYPWCLINQYFGEDSWDPDWVGMNWPCMKMNCFDMTENGALHFGGAFWNICLEAWKG,109,0.71433246,0.51743597,0.67460066
22,IPTSALVKETLALLSTHRTLLIANETLRIPVPVHKNHQLCTEEIFQGIGTLESQTVQGGTVERLFKNLSLIKKYIDGQKKKCGEERRRVNQFLDYLQEFLGVMNTEWI,HIHERWDQWLQAWTQQIRELDHHPKNSQDPNSKHKAHKSMSPVQHKVMQHLRVQWPNWSDNLKCMVPLWQHRKWWHQMNQSDAKPKPENNAEPPKVKWKHEANLDFFV,108,0.594638,0.47930953,0.72209907
23,SPTLEVDALVLNPGRQEASFDGQTLELTGTEFTLLYLLAQHLGQVVSREHLSQEVLGKRLTPFDHAIDMHISNLRRKLPDRKDGHPWFKTLRGRGYLMVSAA,LKVHKVQGVIDAFQKDYGIGPQDYPKIGGCCNWYLVCMPDKMSRCGNPYYHTYGDWHHKNWKKLDYHDQIINETKEQGFNCQNPIYTPWTAKDDSIHITLTC,102,0.88944983,0.675606,0.77659017
24,GVPPTAELIKDEAGFETGSGEPQEDFVADLSVDQVKQIAEQKHPDLLSYDLTNAAKEVVGTCTSLGVTIE,PGKNFDHCMNDKPDPKYYDPNDPNHNGGRVSHDIWNRVWHYINNNCRVYNDPDCDWIFWNWWNNCVGLVD,70,0.607106,0.58896905,0.7730682
25,ILQTYRAIADYEKTSGSEMALSTGDVVEVVEKSESGWWFCQMKAKRGWIPASFLEPLDSPDETEDPEPNYAGEPYVAIKAYTAVEGDEVSLLEGEAVEVIHKLLDGWWVIRKDDVTGYFPSMYLQKSGQDVSQAQRQIKRGAPPRRSSIRNAHSIHQRSRKRLSQDAYRRNSVRFL,WVCLILSWIRLWYRLKIFVFYFIFMGKGSQNWFRAYYNRHNIQWKQIQQSDPRQWFKDQFHNQSNKKAFFNTHKMFVVWDRNIQPNWCGQPKKMRDYPFGPNHHLIGTQEADWYQMGLLWSQWQFNDFQKKEKWSQYLKMKIQQFHQLMRQKNIKTRYKRYECFHQSLFQMIYNMS,176,0.55875456,0.2831097,0.6331769
26,RARTEDYLKRKIRSRPERAELVRMHILEET,RAGCNKWVHEQQKVRTGYTEMHEGRYYRCC,30,0.4368119,0.47474384,0.8646127
27,HHHHHHMFYEIRTYRLKNGAIPAYLKVVEDEGIEIQKSHLGELVGYFFSEIGPINEIVHIWAFSSLDDRAERRARLMADPRWLSFLPKIRDLIEVAENKIMKPARFSPLM,KGWPLAMVCAVDPGKLMSGGSTPAPQCAKRVPVECGDWACIQKSCVQTTAEGQKVMGIDKCWCKQKPGLHVPLPDVQWPDSWTDVIARTKKTCPLPEMMMPPCCKNCTWC,110,0.80371547,0.705016,0.7832406
28,RIDYIEPFLDAASSVLRDMLLVENIEMGKPGLKSIKGVSVIVGLAGSVEGSIIIDMDIETALFVASKLNFEEYDDFDDEETKEMVAATLTEVGNIIAGNFVTTLHAKGFVFDITPPAFIYGENMKISNKGSEALIVPFSLPDGKIIEVNIAIRE,EMIGREGWWKIVTQMIEKGVRMEEWENYKNVDEIGEGTVGWFIFVGWQWIFWQFDGNGENFVACPFEALEWDCEPKPLETDTIKWRKIIWEFMMECWTIRIKNGWEDDNWFVNDETSIAVDYEYEKWDNMSWQTSFWMLIDSNYKVWGIMDSYC,154,0.84301484,0.7122604,0.7329502
29,HKCDITLQEIIKDLNSLTEQKTLCTELTVTDIFAASKNTTEKETFCRAATVLRQFYSHHEKDTRCLGATAQQFHRHKQLIRFLKRLDRNLWGLAGLNSCPVKEANQSTLENFLERLKTIMREKYSKCSS,WDEFYCVRYFVKAWLACNDPQDWFLYCCVNVIRTISEENNSEYEPCVEATWFKVFYIQCLEINECKVNMDEENKDDEKGWECCRELWKSMKWTADINGMNSMQKEKVCVGKNMIYFLNLGFPTGKRGGH,129,0.77587676,0.6449116,0.7106441
30,GTFTYERQVYLADTDGAGVVYFNQFLQMCHEAYESWLSSEHLSLQNIISVGDFALPLVHASIDFFAPAHCGDRLLVNLTITQASAHRFCCDYEISQAESAQLLARAQTHHVCIALPERKKAPLPQPWQTAICDLDHP,GTATCYGNNEQTCCDPCCIMTNDQFIRPFIWMRAQFLLHPQCPCQNADEDEPMFSGMWEQCGWWNGGGWTDMEIRAFCKGDMGIPKKLTAIFKATQPNNSDQCGEFFVFCFAWANDSMEDQPCHKDWSSYPDIENAE,137,0.8652763,0.66775453,0.7247576
31,AASPKQIQMWINNVAEIRKTKQPHSVSYTKPMPEIDELMQEWPQEIEEILQHLKIPSEELDFNLSDFCKLACAILDIPVHDQPNESNVIESLHVLFTLYSEFKSNQHF,RTPHGRLMWWWMNKIEDEYDTDWWYIKWFWRKVECMTGLDVGCEEHHQYVSKDCKSFWIPRHPFAVIFMLRNDCTRALFCRTATYVQVFFLSLWIRDHMAHPGNHWWF,108,0.51475006,0.40469557,0.70809174
32,SIPASVIPEELISQAQVVLQGKSRSVIIRELQRTNLDVNLAVNNLLS,LCSVYDCPSQGGWSCPNYPKLTTPADCNEWCARCKTPPQFCPAACVS,47,0.91479415,0.7627137,0.858319
33,DPSVYVRFPLKEPKKLGLEKASLLIWTTTPWTLPGNVAAAVHPEYTYAAFQVGDEALILEEGLGRKLLGEGTPVLKTFPGKALEGLPYTPPYPQALEKGYFVVLADYVSQEDGTGIVHQAPAFGAEDLETARVYGLPLLKTVDEEGKLLVEPFKGLYFREANRAILRDLRGRGLLFKEES,DIVAVGIGETYNINNSPSDHRNAVVIFGWPDNHVCIAVVTGQHNMKVVNMIHGDPECFIIDWISGKYPFNHGPIEDHDDEPNWTKGWSIAVIDINWNPPICIEFAEILNPSNACDSVLFPAFLNPTCPDWADDPYPAMEIWTMDDCWDIPEDETIWTFEDFIDWFCWLAPDLEDCFDLGI,180,0.9107337,0.56425256,0.5884862
34,SSEMSTICDKTLNPSFCLKFLNTKFASANLQALAKTTLDSTQARATQTLKKLQSIIDGGVDPRSKLAYRSCVDEYESAIGNLEEAFEHLASGDGMGMNMKVSAALDGADTCLDDVKRLRSVDSSVVNNSKTIKNLCGIALVISNMLPRN,SINWDDIYRQVDIVPCSPKKPFWPWEIFISPCVEKCFIMFMHKASSWAHNCCYKLAWEHPRKPCEDIENWMWKEFNWCHQWIKWSVQDYPHILRWTCFPWIIVFIWFCYWATYHCKEVQCCKDFVQNECMTDFWMIYIEEVIMRDGWHW,149,0.92973435,0.6429986,0.65139663
35,YARPIIILGPTKDRANDDLLSEFPDKFGSCVPHTTRPKREYEIDGRDYHFVSSREKMEKDIQAHKFIEAGQYNSHLYGTSVQSVREVAEQGKHCILDVSANAVRRLQAAHLHPIAIFIRPRSLENVLEINKRITEEQARKAFDRATKLEQEFTECFSAIVEGDSFEEIYHKVKRVIEDLSG,CTPVFIAVQVSMPQCFHAPCMWHWRGKQIDVFYGMTWNRKKVMMCQMMKTYKMKIGVPSPSKMNGTFWMPKKHTDIHISKFRVWWRNYKYHKYYIIYMMVRIQTRCKNCRAKSVMWIANEKGNWMFMTFMKHCPKNHGGWPHKWCNDCPKKNKKWPMMCDVVNMPKEFSKWACHVCKDIYP,181,0.81119996,0.6449835,0.7349143
36,QYATLELNNAFKVFSLRQVQAAEMVIAPGDREGGPDNRHRGADQWLFVVDGAGEAIVDGHTQALQAGSLIAIERGQAHEIRNTGDTPLKTVNFYHPPAYDAQGEPLPAGE,KWWRHPIRGHLWWRFDRHYTEVLCINSGDSRHCGCDRRQKKIIVHSTGGYKWIGIHCHNWHNWPYYIARGVIYKGYHMVVRANLWHYPDMVVYLWFACVHYKSYGTMMHW,110,0.79726094,0.67922115,0.80831385
37,GRTTRDDLINGNSASCADVIFIYARGSTETGNLGTLGPSIASNLESAFGKDGVWIQGVGGAYRATLGDNALPRGTSSAAIREMLGLFQQANTKCPDATLIAGGYQGAALAAASIEDLDSAIRDKIAGTVLFGYTKNLQNRGRIPNYPADRTKVFCNTGDLVCTGSLIVAAPHLAYGPDARGPAPEFLIEKVRAVRG,GEVQWQCSPQCCMQGDWMCWVVAARFINYNGGAQWCGFRIYLPAGNFTGNQACQGEDFIKISNGNQPNNINWNLVWYDSVNNFNAVMENMYPNAHDYPGPCWLDCNIILLGVRHAHGDAQPADDYDCLFEWLHTHGYNENWPGHNPISNCVYRDYGNQMIWQDWPGNQSNSYQQANQQCNDQFLNVMHNMMMNISY,196,0.86740613,0.6431354,0.6582791
38,GSSHHHHHHTDPVIAQKAPYPVTVEAGKTYHWCACGRSKAQPFCDGSHKGTGLAPVAYTPDKAGTAYFCGCKASKAPPLCDGTHKTL,GEEHHDKPKWYMGVLNKTFGSNFIDHCKGGHNHIFIWGRRMFPCHSDSKTSWAPGSHFHSRKHGRVWCNVLCCGRGWCCQHVGDKHA,87,0.88059103,0.7414722,0.7987915
39,GMTAVFRNTVLVRFKHCDAAGIVFYPRYFEMLNDFIEDWFAQALDWPFDAMHGAGQAGVPTADLHCRFVAPSRLGETLTRELRVVKLGQSSFTVQVRFMGPDSGLRLEVTQRLVCVDTDKIAPRPLPDPVRQAMATYVDETLA,VPIGMAYERCNSHNNPCHHINWDSHSPNKVACNNAVHDYQVRNGRSPWHWMNFPYQGCCYHMFPHGPPPIPCHIWPSFFYFPIHVYKGKVWCGGICSAGPPHKPNHLFIRCEGYMSNNCATGPNPAGPNIGQYACHSYLNSDW,143,0.78363323,0.64649475,0.6745841
40,SGADDPNYFIGIKFRHIPYEYDVKIPHLTFGVLFISDNMIPDVVEIMKIMKKELFEMDITTSYTYMLSDGIYVANVSGVLATYFKMYNLFYKSQITFGQSRMFIPHITLSFSNNKTVRIESTRLKISSIYLRKIKGDTVFDMSE,ERFEHAHCHMIWNTPWYNWFWNDKTHENWAFCFDCREDPAKLPPRVFDWYFKWMREQQCWWTNMNAKPKTDVHIFIVHSWAYGKASKDEWDKGHHPNSMLKRNGCEAIMFRKRRKNPWGWQYQWMRFWCFMFRDKGDWMNFMAQ,144,0.8731345,0.6397865,0.6566484
41,KKEKDKDSKLEKALKAQNDLIWNIKDELKKVCSTNDLKELLIFNKQQVPSGESAILDRVADGMVFGALLPCEECSGQLVFKSDAYYCTGDVTAWTKCMVKTQTPNRKEWVTPKEFREISYLKKLKVKKQDRIFPP,GWVIQVDDNPEKMTWQEEPALQQWLDWDHRLVQASQVWDVAKKLNLDPVHVSPPAVVTMLEPVICQIIWFAETHFLIWLHDEVCYQVAKAEMIKQDAQCSGKDLIDKKPLWDPHQEQFATNPTPKTKDKKEEVAD,135,0.65776765,0.5593427,0.71250165
42,DVSQKIKDIDDQIQQLLLKQRHLLSKMASSMKSLKNCQKELISTQILQFEAQNMDVSMNDVIGFFNEREADLK,GMIKWMHMQNTEQYEWPGKWHNLWNKNVRNDWINLQVKRQPVPHWQEYNNCKPQSFPWWTDTPDDMREGFDMQ,73,0.51436853,0.4126469,0.6261787
43,SNARIMEEKALEVYDLIRTIRDPEKPNTLEELEVVSESCVEVQEINEEEYLVIIRFTPTVPHCSLATLIGLCLRVKLQRCLPFKHKLEIYISEGDINKQINDKERVAAAMENPNLREIVEQCVL,YFLEVLEESDNEGLRDCPWTTVYMSFFLNEVIRQNGNDLSVMNQNMQEDNEDDEMWECGDGKSQDDPNGALTPHVEQNYIGENLPKVKDKDAEDEPEEEAEDNAWEYEPWNPTPSDRKNILCSV,124,0.6582334,0.3363064,0.5156898
44,PLGSDSAKLIFINQINDCKDGQKLRFLGCVQSYKNGILRLIDGSSSVTCDVTVVLPDVSIQKHEWLNIVGRKRQDGIVDVLLIRSAVGINLPRYRQMVSERQKCD,YPSYVDDCCATIILNKDSDTYPGHKCWMVHCVDKDECVELGAGDGFLIWITNHPHGHEPPHKMTPVCYLVDVGEHGCVWFDLIEGAEMAVANWPHMHCCGDWMKN,105,0.83440655,0.6851437,0.77817386
45,TIQPGTGYNNGYFYSYWNDGHGGVTYTNGPGGQFSVNWSNSGNFVGGKGWQPGTKNKVINFSGSYNPNGNSYLSVYGWSRNPLIEYYIVENFGTYNPSTGATKLGEVTSDGSVYDIYRTQRVNQPSIIGTATFYQYWSVRRNHRSSGSVNTANHFNAWAQQGLTLGTMDYQIVAVEGYFSSGSASITVS,NSEDFDSEAFSGGFDTETECYGCPDLYNGNIDIITIDNHRCDGTMILWNDSHNNTPAWPPYYIDSFNNNCGKLQIQIPNREEKGLVVIADINLDYVGPYETNPMVFGEWEELTALSDGGDTNDWETFEIDNEDYGGCACGEDDSAYYPIWFILYIHCNIWGCGEDCDCNFTVWYADSWYAWGHIYVNIG,189,0.8782345,0.6462208,0.67574346
46,ELLVVDVTPSFASLWLVPNINDFHQRHPNIRVKILTGDGAVESDLHVRCLPLSTHYEYSQLLCEETLLLIGNTNLPISHYPFIPQTTRPQLWEQFKQENITYHSVGFEHFYLACEAVRMEKGLALLPDFMAQFSILRGDIQHIGNLKLHSGYGYYVVIPNFRLTSRKVALFHDWLKDKLT,EDVHYIVVGIFFNIPIEIDADVCMKNSEKCKDWCIEDYSKWKHMRFWFKLMDCKNMKWPKMAFIWFWAAIQIWFGEINDKPCLWVWISDAADKFKEQNKEADCKVNPEHWELWIAVDEEKHPITHFIVMPMDKANEHWGITSVMNWHGSCWMCAFWFKAKNQTWSWWLAPTLHYKAEEIP,180,0.8430113,0.55200934,0.71856606
47,PNLYPVKLYVYDLSKGLARRLSPIMLGKQLEGIWHTSIVVHKDEFFFGSSGISSCTPGGTLLGPPDSVVDVGNTEVTEEIFLEYLSSLGESLFRGEAYNLFEHNCNTFSNEVAQFLTGRKIPSYITDLPSEVLSTPFGQALRPFLDSIQIQPPGGNSV,MNCPNCMMYVWCNFMACERHHGFWHWPHWSWVMHACVIVGPMDCMWPIKELWGICHEMFGHCAHTNPYVYMTWTKCDINMIVMEIHNAYPPMCPGLCCVNYKDCITHTAAWMYERMGMPYIPMRFYVMAATNFENKGCMGARYKWFFEWKHTYIGWRK,158,0.88691974,0.61663115,0.5963937
48,TDFFGLTIPFMQLLGVVPEHSGNGTARTRLPARADLVNSRGDIHGGTLMSVLDFTLGAAIRGDTPEVGVATIDMNTSFMSPGRGDLVIETRCLRRGASIAFCEGEIRDSAGELVAKATATFKIIQ,IQCHPKVNHHCKHFYMSDNVGGKLNITLWNQSPTWYTTKKCVIGGCGVFMGGFHFYKYVTGCNGNTSPFVTQPYNSWRQFTHTNPVRIYADDSDMIQHWCRMDWSFYSKDTRVSVDCDQSGWSAY,125,0.8478128,0.62844014,0.6596974
49,YHKYKVWRRQQMSFINKHERTLAIDGDYIYIVPPENVKTKSLHISQVVLVKKSKRVPEHFKIFVRREGQDDIKRYYFEAVSGQECTEIVTRLQNLLSAYRMN,RMMKQPRRQRKVIRIRKRKTPWDASKMRARCGCWMRHVPTWGFCTHCCQCHMMMMNWINMVQCCHIKPQRRFPPDKAWGEFCANQCNVINHMFEVCENPMMM,102,0.442244,0.45358655,0.85073346
50,AILTGVPYYILPSTSRAGFSPDNLRKNTSQPSCPLDLITQLRFPPRIGVPVIFTPQNSSLKVVPLSHNLNIHTCSDLWFCPESKIWTVKSSSIHRGLVVTTGGTFRSLGSWFRIERHGDSYKLVHCPRGSTPCRDVGIETVGGGGRRYLAPRDRPLAVRFTRAS,DPPRFCFPSDAGPTNKAHNACWVNHQWQKNSDGSNYFAQNITKGSNAFDWVAQFDRNQNGHVGPQQGIDCALCQDDNLGQDDTMRQRVTHDHDQDGTVFFQWVPGHGQWHGFVCAKNGKQAHVCWHKKGCDQVQMQIIVQCWPAKSTMCDFPLNQPDCDMHDIK,164,0.7981699,0.5915657,0.6637395
51,SYQPSIIIAGPQNSGKTSLLTLLTTDSVRPTVVSQEPLSAADYDGSGVTLVDFPGHVKLRYKLSDYLKTRAKFVKGLIFMVDSTVDPKKLTTTAEFLVDILSITESSCENGIDILIACNKSELFTARPPSKIKDALESEIQKVIERRKKSLNELDVLGFKFANLEASVVAFEGSINKRKISQWREWIDEKL,EEDVRCVSFMLGDDICFIIFFGWYEDRGDYPYPWNDNPHFEWADGGVRSYHCLSAPTYVVKAWNFMMQYIPDYIFIWMDIGWNQNPNCEFFPWNHNAMFFAVISIRFPYRHPISICGNYWETENNPDDGFYAFQLTGNGPALAPHWDWNFYEWAHWYRPNVPDYDNFVIIGWFTDDGNNAKPMSEIFNECG,191,0.75480855,0.5595536,0.62273675
52,MMMTGTIETTGNISAEKGGSIILQCHLSSTTAQVTQVNWEQQDQLLAICNADLGWHISPSFKDRVAPGPGLGLTLQSLTVNDTGEYFCIYHTYPDGTYTGRIFLEVLES,AHHQTTVAVKNELQFQMNCNPSAPVYGVYGYGWIYYMIAYDSQWYCPCVINYWCVQCPDIWYGQISWVDVEGFTIEWANPNVIIFLSFGIHCQPPVWYWIWGQGHVQIV,109,0.90199363,0.66933024,0.73980385
53,GQQLNRLLLEWIGAWDPFGLGKDAYDVEAASVLQAVYETEDARTLAARIQSIYEFAFDEPIPFPHCLKLARRLLELKQAAS,PQWVIQQNWNQFWGSWASQPAEKKVWRYGNFLWNAAKTSSQAKKGASMIDMCLVKTPRAHMDCTTAYDCMWKVWDSCYSPT,81,0.90508497,0.7561438,0.84085244
54,FTPPIVKRLLGWKKGEQNGQEEKWCEKAVKSLVKKLKKTGQLDELEKAITTQNVNTKCITIPRSLDGRLQVSHRKGLPHVIYCRLWRWPDLHSHHELRAMELCEFAFNMKKDEVCVNPYHYQRVET,KAWEAAEAWCKANGIIYEIKAVDDPVDMYFGDATMPRNTKESRYIRDVMDEDEVTDDTTAKMLAKKYWWDTIKWKNIVVYAFIIIPIACEFWWAWVGEWIDGKDYIFDKDPYILNNLLIIAIAAWE,126,0.70190805,0.37471357,0.64997905
55,KPASMYRDIDKPAYTRREYITGIPGSKIAQHKMGRKQKDADDYPVQISLIVEETVQLRHGSLEASRLSANRHLIKELGEEGDYKMTLRKFPHQVLRENKDGMRAAFGKIVGTAARVQAGEQLFTAYCNVEDAEHVKEAFRRAYNKITPSCRIDSSPAGNA,MGIFEDRHMRDYCDPPHHHCMRCPNPHGMQPMCPHHECDHYNPCAWYFDIVEYIIGYYYWISCAMIMEIQKRIEHEYNKDGGDPCVILAGDYLGCWTDTEDRHTCHCDWYVRVSFGCLIFPLMIVLMLRKAVNYMNECPPHAMQTIDWCADVEMCFIHRI,160,0.80270183,0.6363718,0.7055262
56,MIQQESRLKVADNSGAREVLVIKVLGGSGRRYANIGDVVVATVKDATPGGVVKKGQVVKAVVVRTKRGVRRPDGSYIRFDENACVIIRDDKSPRGTRIFGPVARELRDKDFMKIISLAPEVI,IVEEHGDVKDVVWFLANGGICKDIWDTKDYKDPVMIVRASCSVDICPHQPKLNGAHYGMTIMAWAEDTPKCDDGKDAHYKDCCCLDEKHIEGMDCNYSHGHWYRHVWHKQCGNLQDWIYDNQ,122,0.8417647,0.6474497,0.74446505
57,GMRRGLVIVGHGSQLNHYREVMELHRKRIEESGAFDEVKIAFAARKRRPMPDEAIREMNCDIIYVVPLFISYGLHVTEDLPDLLGFPRGRGIKEGEFEGKKVVICEPIGEDYFVTYAILNSVFRIG,CECHGVPVFIFYCKHERGPRPCMIPVPQCPCKPCVPCTIQFCWNKRGRIMGTLVAHRDPAKVYEIGVHPHQDPNMGIHWFFHEIMQKRCHCKGRCRGRKIVIVVTHYPPNSKKPWPCPHCHPPKVP,126,0.8541262,0.6326401,0.7788347
58,GSHMSSRHQFAPGATVLYKGDKMVLNLDRSRVPTECIEKIEAILKELE,LPRWLLNNQWCHCVLIPYFTHKFVWYCMRDWEWQHFCQYAIPFYQNKV,48,0.84353274,0.8047321,0.8509453
59,ADPKKVLDKAKDQAENRVRELKQKLEELYKEARKLDLTQEMRRKLELRYIAAMLMAIGDIYNAIRQAKQEADKLKKAGLVNSQQLDELKRRLEELKEEASRKARDYGREFQLKLEYG,DLLICLVAKICAVAQQLIMWSNMWIAHPPDMGDYMQCPTDVLKQEHDQCMAIMYQCRMMHHHLLVKYATDVQLWCEMPQSCRHEMAQFMDICVDVPPDFHVWLVTQQQQLDEVIQQV,117,0.875729,0.68981737,0.7427819
60,PPQSPWDRVKDLATVYVDVLKDSGRDYVSQFEGSALGKQLNLKLLDNWDSVTSTFSKLREQLGPVTQEFWDNLEKETEGLRQEMSKDLEEVKAKVQPYLDDFQKKWQEEMELYRQKVEPLRAELQEGARQKLHELQEKLSPLGEEMRDRARAHVDALRTHLAPYSDELRQRLAARLEALK,EENWHCRWELWHPERVYSCMHGGPHNFGCVVNTFWNPWMNKSNFSFIDIPKPAPPPTHWRYESKAYKKFLAEMHPKAHEPWHLKPSTAIEYTPEDVIHMPPFSWQAHDKTTMRNRFPHQNQQYYHQAEKHDPNDHRNKIRWKPRNHKHRPRMRTPPHWRHQDHMEHPDHSDFPMKDWYIT,180,0.6428342,0.36240742,0.6405541
61,ASRYLTDMTLEEMSRDWSMLIPKQKVAGPLCIRMDQAIMDKNIILKANFSVIFDRLETLILLRAFTEEGAIVGEISPLPSLPGHTAEDVKNAVGVLIGGLEANDNTVRVSETLQRFAW,HIIKDEPWREKYGWEIMDYEHDPDENPWVFVNRIAEYCEENCMKFLGYVEQPEEDPPIVMFLFVYNEYGLIYWILCESDENNGDPLDDFEEVCEYFICNCRDADVMAEFPDIDINCPE,118,0.69969356,0.60694265,0.787215
62,GRKKIQITRIMDERNRQVTFTKRKFGLMKKAYELSVLCDCEIALIIFNSSNKLFQYASTDMDKVLLKYTEY,NRGKRHQYKGRNKEFDPATHDNNFYTWMMNNKPMPIYDYPTGFVWVFVKGLWTDHICAEMVCVVYLKKNKN,71,0.6862058,0.6416091,0.8452255
63,LQNHTFLHTVYCQDGSPSVGLSEAYDEDQLFFFDFSQNTRVPRLPEFADWAQEQGDAPAILFDKEFCEWMIQQIGPKLDGKIPVSRGFPIAEVFTLKPLEFGKPNTLVCFVSNLFPPMLTVNWQHHSVPVEGFGPTFVSAVDGLSFQAFSYLNFTPEPSDIFSCIVTHEIDRYTAIAYWVPRNALPSD,EKKRDNVMFFPMQYIKKPFYIFCVKCIKIQCYIHSDKNALVHRQKFDMEKAQKVNLILEFEQQQANREKLREQNQVMQFQENNHENGMSPVPHLPKIYASPERNIMCDLIFVNIDGWGWVAKIDNDPNDLNEYNYIIVKISNDPGWRVLVIVEINVECYGCVNMCCVIYDKPNMVSYSDYMKNVPWFV,188,0.802173,0.54773355,0.6787565
64,CEWLGRYRIITTESLNLLKNMGGKYADLETPFPSRLYTLMDKSKVEDQVKFLVLTLDHIIHLMDAREHMNSVNWDQNTVEDFLNILHRKSSDLKECVARYAKPAHKESYEIRIKRHFRTLKKILKKKQYSAEAWEQIRRVVKSHLQRMDIIASNAR,IQQVMRSNNWDAKWLPAIEMIHAKQCEKHPQAWIKLLRGLPHCDHPWISMDLWQFFTMTIFAPDPPAWPQNIDQAWKLGYILSRNFKWLIFWFIQSMQEDEAKLGPPKWDWKLEEIGRKMQQDANEVRVSLAIFVLWISCQCIGDAQNAAQWERIW,156,0.82480955,0.5709682,0.65991914
65,MMKRVHRTDVKAEIVREPGAKETTHRKLIDTPDGADRFVLTEFEVSPNGSTPPHFHEWEHEIYVLEGSMGLVLPDQGRTEEVGPGEAIFIPRGEPHGFVTGPGQTCRFLVVAPCERPPVRNVFLSEDPYEYTQMPEYTSLL,KDLEVDPAEIEMEEAEIDYTVMFPAKPVTTDSAVCNEDVTPWILSAVRGMLCFKVDSMNDSVEDTTQEWVVGIPETQMATKCTKTDKGKIDKGAMWMIMADTETTLEVDWYICGKPTKTEFDPDAEIGDDCFWCPEFGPAP,141,0.825799,0.65392053,0.7784575
66,MNLTVNGKPSTVDGAESLNVTELLSALKVAQAEYVTVELNGEVLEREAFDATTVKDGDAVEFLYFMGGG,GVCCCWMKRCMIWIGYRCVCADCVRNMRSAKCRKGCCIVRSEYNWKKLPNICGGNRNFICACCHRDNGI,69,0.9532253,0.78896594,0.8048324
67,NQGKIWTVVNPAIGIPALLGSVTVIAILVHLAILSHTTWFPAYWQGGVKKAA,QNCHLPVKPLMKKAHCDPDGNMMFESYSCNDPPCDQLPWIPLYDRVPNFYAI,52,0.8717635,0.7703937,0.83058524
68,ATPAYDLQKRDANNYLLTVSVPGWKEEELEIETVGGNLNITGKHTEETVEDQTHWIYRGIRKADFQLSFSLPEHAKVNNAKLEQGLLLVEIYQ,HDDCYRSKRGPHIWGAVVGEYNHDCRNDGNNKHRSDWCYAMVRNEARKRILHRYHRHHPWIVPYHNGEGCPVAKYAWMSYKGNRPRVVLFICL,93,0.6182505,0.47363925,0.7703503
69,MKVKKWVTQDFPMVEESATVRECLHRMRQYQTNECIVKDREGHFRGVVNKEDLLDLDLDSSVFNKVSLPDFFVHEEDNITHALLLFLEHQEPYLPVVDEEMRLKGAVSLHDFLEALIEALA,NGCKHAYHRYLGHMWFRWIDHRAWKMFNSSKDKITVQHSKKFWGTGMIVKKPSKYCHPKDFCNHCMPGKHWYIHHNCDYPHFHWDPHNSRDCRYFADAKYIHGYPVCGYKNLQWVSWHFKH,121,0.9335348,0.7266555,0.77243817
70,RVWIITTNMGVESVPTCRHSKLGEPSKTIQEVIEALKPLFEKRPVWTRRALLNHLDPSYTHYLKFALPYLSYLWTSGPFRDTYTRFGYDPRKDSNAAAYQALFFKLKGTKTHVFDGKTLFPTNRVYQVCDIVDPTIAPLLKDTQLRSECHRDTGWYRSGRYYKVRDLMREKLFALIEGEMPSEVAVNMILNAEEV,MCNWFCHVHYYKWGHPWMKQWFPNDYKWYKEVVEWCKCDFKRWFDECGAWYVDNDHDNANKNDKNGLMLFQLIVMWQIMHWIYVDFKGSFHKNCHQPDAHMHLVKEKNYWRCHVIFHKNDGWECCMWPRDWHFMGINVYGKKGHCKDKVEHNFLYFKGAFLQECNHSWKDMCDWHIAHNDIPKDYCPDCEDDDAY,195,0.8214469,0.5409502,0.69448626
71,ADNKFNKEQQNAFYEILHLPNLTEEQRNGFIQSLKDDPSVSKEILAEAKKLNDAQAPK,NYNKWPRWYRFCMWMGRKCNACDWWNCHAYPIWTYQEWPCAIFFMAYLTIHGWKMAKY,58,0.8050593,0.72248757,0.8731546
72,AGDAEAGQGKVAVCGACHGVDGNSPAPNFPKLAGQGERYLLKQLQDIKAGSTPGAPEGVGRKVLEMTGMLDPLSDQDLEDIAAYFSSQKGSVGYADPALAKQGEKLFRGGKLDQGMPACTGCHAPNGVGNDLAGFPKLGGQHAAYTAKQLTDFREGNRTNDGDTMIMRGVAAKLSNKDIEALSSYIQGLH,VWWCRGCNGTGWMNPVWWAIHAGGNMLEPWWWAMRIIYVWPYIMWWIWMYLFQNYPRGRLAYFYRTRTYRLKVLEEMMRYHLIMFKIRQGPMGRGWERVLRQASNPPANCENRWNGANMVSWIPNLVPVWWNFYEPFLCNLMEALGSWAAFAFMWPYECVCNQYSPCQFCRTVVWPNHQPGDFLWFCFSW,190,0.85438764,0.47426876,0.59719604
73,GTNQLDICFLIDSSGSIGIQNFRLVKQFLHTFLMVLPIGPEEVNNAVVTYSTDVHLQWDLQSPNAVDKQLAAHAVLDMPYKKGSTNTSDGLKACKQILFTGSRPGREHVPKLVIGMTDGESDSDFRTVRAAKEIRELGGIVTVLAVG,GKGSHVHVYVIIATIKNNHHNNRHWMNFFKNIGISPSCIKPGDCADFPCMWYYHTHNGRYHLHLSHFCHWWDKHWHKVGIGHAKHHHVTIFRIGDRFCFWHHPDGYHKAPWAVLWSGAIKTGTVGWRVKGIKAAWKEDGHESVYKFW,147,0.83305204,0.49310505,0.6366154
74,KHHHHHHPMPKKIVVFSLAEELYGLDIFDVHEVVKDVSITKIPETPEFIEGIINLRGKIIPVIDLKKRFGIGKRGKSKDSRIIIVEILGQKAGLIVDAVHEVIPIDENSIEPPPPVTTIDTAFVEGIAKTDDKMIIIIKLHFLFEVNGKEMLLN,DENDNEIWDGDECAFARTMIRMAELAIEHCQTHDEAIHDDNAPEWQYKIWFYEKGENNKNYFWIWGFDVQGGHDDNDERAPRIMIWFDWGIFMLKICSYDHDGLGYDEPDPDVVWNGYHEVANMHAPIDSWKGWFDFARYEDVITWVMQYGTIG,154,0.79196274,0.5955365,0.640377
75,NAEASRVYEIIVESVVNEVREDFENAGIDEQTLQDLKNIWQKKLTE,WCWGPRSWTECCSVPAIWCHWRPRRTTHLFYMSTIHCMHCCRWNHH,46,0.8729088,0.84017843,0.8958961
76,GAVFIFVGALTVLFGAIAYGEVTAAAATGDAAAVQEAAVSAILGLIILLGINLGLVAATL,DFDKTYTGMVLMQQLQMCKVKADVITFEDWAAVDKRISWDCEWAKQDMIADTNIQCVKKE,60,0.8762968,0.81371516,0.77778476
77,SVKEFQNLVDQHITPFVALSKKLAPEVGNQVEQLVKAIDAEKALINTASQSKKPSQETLLELIKPLNNFAAEVGKIRDSNRSSKFFNNLSAISESIGFLSWVVVEPTPGPHVAEMRGSAEFYTNRILKEFKGVNQDQVDWVSNYVNFLKDLEKYIKQYHTTGLTWNPKGGDAKSAT,AIFAAPHYSVEGDPTFKNLFEDDPYFDASIMTQWWNSACIPHDVWEDSQYPKEGDYYSGPEICEWALDAYDRYYEAAKQCKDSDCFICIGGAWALDDCWMVYNPGDKVPVTPVDMEPGLSEGVEEFPEEHEWKDASCYEVHVYFICGSPSMIDVAESKKQSFLDKFNEGVVFYSTN,176,0.81283855,0.6237511,0.72056055
78,SQAIGILELTSIAKGMELGDAMLKSANVDLLVSKTISPGKFLLMLGGDIGAIQQAIETGTSQAGEMLVDSLVLANIHPSVLPAISGLNSVDKRQAVGIVETWSVAACISAADRAVKGSNVTLVRVHMAFGIGGKCYMVVAGDVSDVNNAVTVASESAGEKGLLVYRSVIPRPHEAMWRQMVEG,DSNFVIIWFNIDDGAHNVGCCRNDQIPGHNHTGDVDKNAIGNNVMGFRDLHAKNVCDWIHQNCPKHWEHGDWHQYGHHIFYRCNIWTPTSKDKNEHHMCLWYIFGNWVIFNCYKEHLVDLIGFDGRGSKTDPGDFGGYCIVTQSMCYYFMCWEAHFSPHDANIKHVSYYSKDHEFWDHYAGYH,183,0.8317775,0.5665287,0.63262045
79,TFNLFVGDLNVNVDDETLRNAFKDFPSYLSGHVMWDMQTGSSRGYGFVSFTSQDDAQNAMDSMQGQDLNGRPLRINWAAKLEH,SDHMIIITCSQENQMKWGIQVSIWIYCFWAAWPWMNPQHPTGWMCCMICFPSQYEANQIRNMLDGGMWTQDHIYFIIDPYAWY,83,0.9439499,0.8275812,0.8552543
80,GSLTNKVVKDFMLQTLNDIDIRGSASKDPAYASQTREAILSAVYSKNKDQCCNLLISKGINIAPFLQEIGEAAKNAGLPGTTKNDVFTPSGAGANPFITPLISSANSKYPRMFINQHQQASFKIYAEKIIMTEVAPLFNECAMPTPQQFQLILENIANKYIQNTP,PKRGPDYPLHIGYGVIKDWFLDPVVEEEQYGCFNGWIEIWASCIAKMIHFHPDWFVENDLLHFHIIAHLPTYLQFTFVSCETKKRALIVRVEVMVLMIRGGMPPFNDNYEEKLRGKEPTPMSHSGWLEDFKKIVVICWQKHHCVNMEEFPQFLIDRLDHMMACMR,165,0.85704803,0.57523155,0.7053986
81,EEFVEEFNRLKTFANFPSGSPVSASTLARAGFLYTGEGDTVRCFSCHAAVDRWQYGDSAVGRHRKVSPNCRFINGFYL,RGHTEQEKVNLWMAEFCDWDPAILAFAFMAISGCYMSTNGGDCLGPDGGCDDDPWYQEAYLYCWQQWKPDPTYKAMHE,78,0.91780263,0.67978024,0.75557244
82,PSRVVYLGSIPYDQTEEQILDLCSNVGPVINLKMMFDPQTGRSKGYAFIEFRDLESSASAVRNLNGYQLGSRFLKCGYSSNSDISGVSLEHHHH,RCWNAFCIWPLRFYIFEHIQVMFSDWCNVKRIEMKQMEPDKDSYCWAEIHFNTNDNMIKLLYEGNPNIICDNEIRCTYDRCHDPWAGNMGISNK,94,0.84681153,0.7960792,0.8200029
83,SAYPITGKLGSELTMTDTVGQVVLGWKVSDLKSSTAVIPGYPVAGQVWEATATVNAIRGSVTPAVSQFNARTADGINYRVLWQAAGPDTISGATIPQGEQSTGKIYFDVTGPSPTIVAMNNGMEDLLIWEP,HNCPGNCNATHSDCFNFGNYRWCITVIMKNGRDCDGHDHSHNPPVNASVDINEIYTYHDWDRFWVNDAMWDENHDHNGNISNMEHPANSPVNNTGGHPHNGDYEFWYSTHDDHDHFECKLVHNGVDIWMDH,131,0.8747731,0.60254943,0.68686086
84,ERMDCIFCKIANGEIPSTKVYEDDRVLAFNDLNPVAPYHILVVPKKHYDSLIDIPDKEMDIVSHIHVVINKIAKEKGFDQTGFRVINNCGSDGGQEVKHLHYHILAGKKLPNYEAGQN,GYKDNMMAVYAERRLKGHNGWKDWWVPIFVGKDDYSFLEMYAFMKAQVWLWEEAYKYDQDWSEKVNNALNRDCRKYVSKKQADPSLIPPVPWADPKVWVPWMVFAYSPKYINKWTILR,118,0.8586856,0.7594687,0.75605226
85,DVDEKGFVSDKLRDNFFQIVRNRPENRTCFDCESRNPTWLSLSFAVFICLNCSSDHRKMGVHISFVRSSDLDKFTPIQLVRMDIGGNGRARNYFKQVLGVNFSPKTKEYASSICGRQYKQILDSEISE,GWDENGPISGWIPPNALENWMNNKNFNIIFDNMCWMHDWAEACAMFTSGIYFHCFNEFDADYETYICCFMTLWPGEDDMKCGGMAGVDHIANIAMDNCYYPCMCGPELCCLCWFIAGSIEYDCIWDTD,128,0.69758296,0.43427914,0.56008434
86,NATDTQIRTEQGIDIITLHGHLDTRSSPAVQAAVLPRVTAKGKMILDLREVSYMSSAGLRVLLSLYRHTSNQQGALVLVGVSEEIRDTMEITGFWNFFTACASMDEALRILGS,CTYDGTSNNQADAMYIYYKMADFPEVMKNCTSWIKDHYGGKMDLVSMDSNSPHPPHWEIRGDCHIDVNCENPWMIATCIEMPWWLKDHINHHVWPYWWKWSEFLDYSVWVVTS,113,0.9335276,0.6185248,0.6834984
87,DLVVIGKIVSVYGIRGEVKVYSFTDPLDNLLDYRRWTLRRDGEIRQAELVRGRLHGKVLAAKLKGLDDREEARTFTGYEICIPRSELPSYYWHQLEGLKVIDQGRQLLGVIDHLLETGANDVMVVKPCAGSLDDRERLLPYTGQCVLSIDLAAGEMRVDWDADF,IQIWFVEWEQDDDYDSPGYGPSNWANLQMGPKGLVVHPDNEQDRDFGNHAEGENIYDEGFGIAENWDFYDDWYPNGIEIAFWQREDLDDPNEPDAILPQCSPMDPMNGAFAWDPDDLEINMVTCGVHFEYWYNWDDHYVWFDIYDIAFNNPDSGYAMYPMDVDY,164,0.689868,0.56035995,0.6801015
88,GMNLANIVQRGWEALGAGDFDTLVTDYVEKMIFIMPGQADVLKGRQAFRSALDNLGEILPPGFEITGLRQLEGENEIVSIVEWKSDKMIASQLSVLFKFEGDQIYEERWFVDTEQWKSVF,IEWLLWDIFDGWWCCKEFGFPNCPQETWNRLAWAYIERRFDVDCGWWQGCWPEEMKSTFSIGADPPPEECEKCHQHVMIEHWPIGWKLEGAIPIFMVAGSGHTGQAGLCPCDASDFEYVW,120,0.87183607,0.58242166,0.66643393
89,TTTQELLAQAEKICAQRNVRLTPQRLEVLRLMSLQDGAISAYDLLDLLREAEPQAKPPTVYRALDFLLEQGFVHKVESTNSYVLCHLFDQPTHTSAMFICDRCGAVKEECAEGVEDIMHTLAAKMGFALRHNVIEAHGLCAACVEVEAC,MHAHELLLDFKRWCEDADYIIPCCYVNVCVTLLVDRTIMPCEKVNEWATENIQPIDCGDAQKLVMALNEQLIFFWSPISLQWCIYKFSMQENWYASWRAIVRFIKIYYPHCDFPFILQEVNCHTQMWHGEDGVLDDGCRGNNGDMHTDE,149,0.8495532,0.65543085,0.70813537
90,SATTFRILAHLDEQRYPLPEKNLPSLFEGFKATVSIIQQR,GANSKQRDAFVDERYYEKKKWANIPRWNANNCIAIESFWR,40,0.72905433,0.67015076,0.84872925
91,KKSKLEIIQAILEACKSGSPKTRIMYGANLSYALTGRYIKMLMDLEIIRQEGKQYMLTKKGEELLEDIRKFNEMRKNMDQLKEKINSVLS,HMEKRDWIIIMTDIVQEGIGNKKASWFYWKRRKQVNYLAKKMPYAKSADEFGWFGNHIKWWKQMCHEIELEWEQYYDPPQFQHQPLLYEG,90,0.9529137,0.78661984,0.80034983
92,SITSDEVNFLVYRYLQESGFSHSAFTFGIESHISQSNINGTLVPPAALISILQKGLQYVEAEISINEDGTVFDG,MDFDYKVGAYIWFKAHAGIDDETTWIEDEHCNGYKGKCSLPNVDHVCIRRAYSNMPHRVNDKKLTRNRTQRRMH,74,0.84305125,0.66308856,0.7800566
93,EPGVATGNGQPVTGNWLAGASQGDGVPIPSQIADQLRGKEFKSWRDFREQFWMAVSKDPSALENLSPSNRYFVSQGLAPYAVPEEHLGSKEKFEIHHVVPLESGGALYNIDNLVIVTPKRHSEIHKELKLKRK,MMGCPDPQAHESNDITAWNTHNGEYWHCGPPVVTYPQWDEGEIKEPFHSEAFIAVNDVPTTPEGFDECCADDPGEGWNWKQEMDGNLPDVGIQVAVFKFGTEFEHEVAFGDCIFALVVKICIMEVDDPEWDWG,133,0.78344417,0.59101087,0.7030793
94,EHSIRELGIGLNFLKVSGMSYKDIAKKENLSRAKVTRAFQAASVPQEIISLFPIASELNFNDYKILFNYYKGLEKANESLSSTLPILKEEIKDLDTNLPPDIYKKEILNIIKKSKN,MFCYPLGPYCLNKDEEENTVTHFCSPDGRLGNHHSPKIIFAALGWKRFVHDMENCWLDYKTVVMHMIKIMNFFHHHRHDLEWIIKMNIDCGKPSPYPNCKWSDCIMILRMINHCFN,116,0.82019925,0.59670484,0.77319324
95,EHNFNVVINAYDTTIPELNVEGVTVKNIRAFNVLNEPETLVVKKGDAVKVVVENKSPISEGFSIDAFGVQEVIKAGETKTISFTADKAGAFTIWCQLHPKNIHLPGTLNVVE,NFAVICYVVVIIIKFKDWKRNMPWPYPPMSMLCWNCVCNCDPKKNNWFMGVLDTNDYWDFGMTINGVMIQVPMKMKVDMCIDFEVVGVEPGFMMAVFVTKHGFKCVIWIGHK,112,0.8497521,0.5581955,0.67438954
96,GTITAVKGGVKKQLKFEDDQTLFTVLTEAGLMSADDTCQGNKACGKCICKHVSGKVAAAEDDEKEFLEDQPANARLACAITLSGENDGAVFEL,DCGWAYWYFHNQRFWGRTYAGCQMWATWYYDCIDKQVVRPKPGPARIFWCFYHKNGTRPKRNPPHNFQKNPKRYMMCCVGCSSPHWNGFAGCT,93,0.930621,0.6636835,0.7290326
97,GVDLGTENLYFQSMQLYDTVRSCRNNQGQLIAEPFYHLPSKKKYPDYYQQIKMPISLQQIRTKLKNQEYETLDHLECDLNLMFENAKRYNVPNSAIYKRVLKLQQVMQAKKKELARRDDIE,VNLDCARHNCWCDNFFFICFVNVQNSYYNPCIIFCYDRWCWKVKYQNSWCDFRNWFWVAVRNASWIWSIRCHSGNQKCVSVENRINAVWRSPHFSSDPRCHHWIWRYHIIISIQCNSHWCP,121,0.47545546,0.24672493,0.3906501
98,RYEYIVIGSEAAGVGLVRELTAAGKKVLAVDKSKEKIELLEDEGFDAVIADPTDESFYRSLDLEGVSAVLITGSDDEFNLKILKALRSVSDVYAIVRVSSPKKKEEFEEAGANLVVLVADAVKQAFMDKIKKM,CHDGQFIMVFFTDIHIDEQGQEHFFAFWQIQFARDKPWAACEETGYFKSCKMPNWWDCKDGSCGMQYFWLAVAHWPLRGYKDCRWVSGSAPNTFNCFWDFDKNKENIPDWPCFKPVGTMVKSQMEWHEEVACA,133,0.6997448,0.5643321,0.73956215
99,DAEIKGIKPKVIEEYSGPSNDSWKSLMSSAKDTPLQYDHMNRESLKKYFNPNAQLIEDPLDKPIQYRVCEKCGKPLALTAIVDHLE,MDQHPPIFYKDIELWEDEPEEEEWEKDDIPEWQRFLPIIGEPKPCPQEKQQLNWPNLDWKMDKNDEKPGEKSKESGTIQAAMYGPP,86,0.7184421,0.4861877,0.66511196
