id,original_seq,designed_seq,length,eval_model_performance,generator_model_performance,robustness
4ewiB,FFSDFGLMWYLEELKKEEFRKFKEHLKQMTLQLELKQIPWTEVKKASREELANLLIKHYEEQQAWNITLRIFQKMDRKDLCMKVMRERTG,PRYQWHEELDKCHGDMDRIMDILIQWWDVFKNCGFTFTDQQLSQLVCVDEIILVDMMIEEKIKLMQQWYSFRKANMFKIDYVQLLIARKW,90,0.7783987568056241,0.7764347341260629,0.8590852138723325
4q0yB,XEISSLSSIDVFKFNSFSKFSNDKIGVIYDEEKLSKFKVIXNSLDTSEGIKKIEVPKDANIESFKYSYHIQPNLKYVEDNNVYDGYFLLYILVGDSEGKSYIIFSGTELSYVLDKNNTNILKEIFLNVKKQQ,GYGFQIAYVLIQCWEEPEINQESVVVMEGDPDIVTSYFEALKKSHFDKYIVFVDPPPHAAPEQKPNWMFQYSQPTWYEDKKRVYQFRDSWIFVWSDKMIGVMDFSGEDIKVCNTKMLKDIADYLSGIFPLWQ,132,0.7660650133016432,0.675666122043706,0.6420343502094648
1gu3A,TFDDGPEGWVAYGTDGPLDTSTGALAVAVPAGSAQYGVGVVLNGVAIEEGTTYTLRYTATASTDVTVRALVGQNGAPYGTVLDTSPALTSEPRQVTETFTASATYPATPAADDPEGQIAFQLGGFSADAWTLALDDVALDSE,REGYWPQYGCINVDPQWNCPPNEWYCVAMWKGAPAGRWVSVHINHICWWPGKVERMWVSGACQQTCDIIVKFRAPPADKIEVRYEPIPWVWPEKRVTVVKCPPCNPPNNWCGGYYWQVECNVSGCDDCNVQVGSISWRLRTD,142,0.7658732541747187,0.42840447789586983,0.43227973470298914
4ymyA,PPVHPFVAPLSYLLGTWRGQGEGEYPTIPSFRYGEEIRFSHSGKPVIAYTQKTWKLESGAPALAESGYFRPRPDGSIEVVIACSTGLVEVQKGTYNVDEQSIKLKSDLVGNASKVKEISREFELVDGKLSYVVRLSTTTNPLQPALKAILDKL,TTDWFKYEKMEDEWQKIRVTRYYWTSGKWRFKVLESWYTDCGTHPRYCKFYDWHCTRDGYEQKIWWYVIEWEWFCWWVFVIVVNATGEECEYIGARNADGTTWNINFSNYYDGKCCCVVRIIIQTSNKWLEVTVRIRVGYDYWSWNIYQWYVH,153,0.8785604899740089,0.4300141428980636,0.4030548396818946
3i4pA,XDRLDRKILRILQEDSTLAVADLAKKVGLSTTPCWRRIQKXEEDGVIRRRVALLDPVKVNTKVTVFVSIRTASHSIEWLKRFSEVVSEFPEVVEFYRXSGDVDYLLRVVVPDIAAYDAFYKRXIAKIEIRDVSSAFAXEQIKYTTELPLDYXL,VISVWFCTIYWWYRAGQIIPQWRQDFHVYLCLNNIQLIFVLDMMFYYSNTTIYNIPEFLFSAEWYGTYELYQGQSLLPFLQKTKAYMLNRSTTVIQLNNSVNEPIRRQIVVPNIFAWIAAALDFYVGKFAWTYNWPMMYPYQAQAPVQQGLGE,153,0.8012934293547337,0.5419619731102261,0.5344126049659558
1zp6A,DLGGNILLLSGHPGSGKSTIAEALANLPGVPKVHFHSDDLWGYIKHGRIDPWLPQSHQQNRXIXQIAADVAGRYAKEGYFVILDGVVRPDWLPAFTALARPLHYIVLRTTAAEAIERCLDRGGDSLSDPLVVADLHSQFADLGAFEHHVLPVSGKDTDQALQSAINALQSGRFRID,NAYFIKGVWVWDLHYKMIVRLWQCWDNDDRFETDNKVFTKVIMAKITFPADAQSPFQWFIMTCLIMNVDWWQMQWCKWQWVLNGPCTPFYMWQADDDFFNSDIKVGSDQKVDMCIAMMSCYISNWRGGWHDLCYYAMNNWWIDDADWGWVAPVWFDGKKNPGWQMMICWSNCQRWW,176,0.7475134879326316,0.3567382090656856,0.3476568742473271
3p3vB,GXTQPNIIXTRVDERLIHGQGQLWVKFLNCNTVIVANDAVSEDKIQQSLXKTVIPSSIAIRFFSIQKVIDIIHKASPAQSIFIVVKDLQDAKLLVEGGVPITEINIGNIHKTDDKVAITQFISLGETDKSAIRCLAHDHHVVFNTKTTPAGNSASDVDILDYI,GNEACGPFVIVDIFEMTMDDMKWFIEVDCIWVCFQVSDCNGLEDINLFHNKYGKMAKGYIVLLDDWAIWQASHPAIMPWAEVSVWGIFMEEAIKFVMPGNVWFACGQMECWQNSLMLRQIEWGDVYWYWIYMWYIHNCGNKPMDYWHPGPCAEWDHGVNNYYE,163,0.665359507571525,0.41092770541489476,0.37376570405237375
5dcmB,QELTFGGFTLTREGLLSSQDKEVILSPTENKILSILLMHPKQVVSKESLLEKLWENDSFIDQNTLNVNMTRLRKKIVPIGFDYIHTVRGVGYLLQNDP,PIIVTIMFDGMMHHWVYPTFVIHMTDYWCLHKCLKQGARQHRFKFIHHYWERLCQEENKDFHQCWKWWFWMCELRACRHHPNLYEKRTDDKTVGIKCM,98,0.920056151966541,0.45801638834402897,0.4760094436895855
2yuyA,GSSGSSGGPKTVTLKRTSQGFGFTLRHFIVYPPESAIQFSYKDEENGNRGGKQRNRLEPMDTIFVKQVKEGGPAFEAGLCTGDRIIKVNGESVIGKTYSQVIALIQNSDTTLELSVMPKDSGPSSG,WRHNEHHPVEPIVFVIMPPNMCMGRQMGFHPPPHHHRNHNKNMCPPCPCDDPKNGRRHPPCHGCFHKPPIEDLIMKWEMSRQCSCVRDKVQIPHNVTHDQGMEIQRHFPNVLIVEPAKIDQSYPHP,126,0.5391405347543933,0.5312038798186091,0.5976767853144137
1dk8A,GSASPTPPYLKWAESLHSLLDDQDGISLFRTFLKQEGCADLLDFWFACTGFRKLEPCDSNEEKRLKLARAIYRKYILDNNGIVSRQTKPATKSFIKGCIMKQLIDPAMFDQAQTEIQATMEENTYPSFLKSDIYLEYTRTGSESPKV,MPMMVPDMWLDFIRKECFSELNNTRLCYFIKFLRRCGCHKHCMQMMCVYVMRMYPIDYSTKCIWDWAIRTVEKAEGPMVNWESRKKIWLVFAMCVEHALEQRIHCWQHICQWKMAAQYIYRHVMKKVFRYQKFVVWKEMGMQLPTAE,147,0.8255127469479444,0.6023673438007987,0.5764908428513783
2ysgA,GSSGSSGLPYGWEEAYTADGIKYFINHVTQTTSWIHPVMS,PCDVKLPMPEHYRCHKYANGPMVWVPHEKPVIVKVEAPPW,40,0.5943472658179545,0.5704244055778673,0.7578714962808953
4m1aA,XPHIRVRGAEKEKVRDFTAGLADELGIIAECPADWFTFEYVETTFFFDGKEDDGLVFIEVLWFDRDSEARDKIAALFTERWKKITDKIVTIVFNPLIENXYYEDGVHF,MKDESVCHFGDFDLLLKQGAFEKIWQKITCISEEDIIPFWLMPDAIAPNGEDWLPIIILLQMQDLDQTTMMSIGHEASMYFAYMQGPTPRCLIYVGDEANAGWFGVTK,108,0.9518390748230013,0.6644109993133628,0.6771838506358141
3qf2B,STRAKLARYLEDLEDVDLKKFKMHLEDYPPQKGCIPLPRGQTEKADHVDLATLMIDFNGEEKAWAMAVWIFAAINRRDLYEKAKRDEPKWGSDNARVSNPTVIAQE,YEWEKMLILALYQPEYYIKCIQFMRCYYCAPMNCPQIPYLQWIMNMGHYQWVLMYAYVDPGRAIKCKIMMECFGQNEMWRMLIMEMYCPAPYYCIPLYCPCWPPMM,106,0.7538983760275625,0.6180743342889691,0.671547654183564
3davA,SWQAYVDTSLLGTGKIDRAAIVSRAGDSVWAASAGFNLSPQEIQGLAAGFQDPPSMFGTGIILAGQKYITIRAEGRSIYGKLQKEGIICVATKLCILVSHYPETTLPGEAAKITEALADYLVGVGY,LDYASHFTSEVCKSDADMCVIVDRDGRKAGAEPPGCNLTNIQAVDIVSFFMYDPYEAVKGPYNARYSYWGNFYYGDAIVYLIEDKCVIILKKSNVMLFCTVGEDYELGGWVKGIEEFVDIMYYFVN,126,0.9181791673131522,0.7593781924795692,0.7415658613974947
2k5wA,MERASLNRIGKDVYYMQIKGEGTIEKVDGRNLRNYTLPAYDEDGVKKQITFRSTKKENDHKLNKYAFLRLYVDQDDNSKNEISSIEVKSYEEIQKADLPEKVKDKFTIKLE,YYHAPKVKPVEGPVICVKMQCGKEVEHAGERFTSWVALAVHPNCGWGFFVGYPKPEDHDCELPADWKVIRMYYMPTNPWGVIPDGAVHMWLEVKKEHMTWLPVVIKRYGLM,111,0.6683478759460559,0.6751077154718452,0.6826503244865169
2m4mA,MSLGSESETGNAVVVFGYREAITKQILAYFAQFGEILEDLESELGDTETMRTPGYFFQQAPNRRRISREHGRTWTKLTYANHSSYLRALREHGTIYCGAAIGCVPYKHELISELSREGHHHHHH,TMGGQRPPLMGDQTWVTTSMVMPELYQIYMMQGWKGILCNGPMRGPKDHPMMMMRMDHHRPPYGQMGLWPDGCWQQGRWIKSLIQHMDMKISHCHVGAAFECVATNIDYSYIDWIKSKHKWWDH,124,0.5132228920960701,0.5250064963554759,0.42621183286823294
3elaL,DQAASSPBQNGGSAKDQLQSYIBFCLPAFEGRNCETHKDDQLIDVNENGGEEQYDSDHTGTKRSERFHEGYSLLADGVSFTPTVEYPGGKIPILE,YSEYSMCNETQWAAWSPNPYPIIVKNSYEVGYQGLCRFAGQVDPYQYTCTQQPIPFIMKGVMIVVYCPKGTYESMTGHITCSDPQRQYPDESQWD,95,0.664590066340001,0.414777900453359,0.5055168972308697
1rhfB,GAPVKLTVSQGQPVKLNCSVEGXEEPDIQWVKDGAVVQNLDQLYIPVSEQHWIGFLSLKSVERSDAGRYWCQVEDGGETEISQPVWLTVEGVPFFTVEPKDLAVPPNAPFQLSDEAVGPPEPVTIVWWRGTTKIGGPAPSPSVLNVTGVTQSTXFSDEAHNLKGLASSRTATVHLQ,DQCNIEYPQSPWQCDCIDVWIRPPCCLHVVYVWHPWCCDGPVEITRESDCSGVIRLRSPVRGDKGWVVYGYVPRKSDCDICGWLWIYWTPGVKHTGAYKVFHWTPWWGGVKHLSLDRSVPGGIPIWFFFTWFAHNGRSWCRCSIGSKRKSSCNCVAVVQRFQWWVFGFGTVIQITA,176,0.849360412513711,0.30950687003502886,0.32513148875493864
2izwB,TQYGDITPAKNSGSLVRVTSSATAGTEVSGTVLFNVRNATELPWLSGQGSRYSKYRVRYAHFTWEPIVGSNTNGEVAMAMLYDVADVTSITIERLMQTRGGTWGPIWSPTRKRLSYDPEHASLPWYLSGVSSGAAAGNIQTPFQIAWAAQSSLVSTTLGRIMAEYLVELTDPVDVTINQ,AAGKMEGFRPVVSAIIKGDWMDEPQGGKVLYWNYADDHSPDNAMMIMQELELTCVNVRSIAGPVEIETPPDMPFIIHVPCQMIGEDDSDIHQFESLFKNECFCATLWHCSEIPLLPDANKDGTWFMWEGPMMEQKLAEKWDAHVYVIEIEEEDGDHAFIKVELFDVMRVKKIRGDSDVS,179,0.6558177423178253,0.3983701743359222,0.4640286447645912
3mtqB,NLYFQGXKRHYIFASHGSFANGLLNSVELILGKQPDIHTLCAYVEEEVDLTQQVEALVARFPAQDELIVITDIFAGSVNNEFVRFLSRPHFHLLSGLNLPLIIDLLISAAEDNTEKLITEALTNAKESIQYCNQTIA,VMMHNIYRLHSVFICSEFWHRVWNIMWASLLSDTRPYVMWNCGDDDRHICILILSSQMLFCWSMNCHCQMLCVTNILWQFSDCRDSSHWCLKRLDYTHCLAGTLCHMMENWRCKIGDLLHQVEEIVQDVLSHIVKVC,137,0.8922746726444502,0.2721883810241558,0.29264278561267004
4ba6A,GADSGEIILFSGSNHADFKAWGGDDWPSAFEISPKYEPXKLDLNKNFEIKVDYNGADIVLIFARWDKDIWAQISPYYVVDGTAVFTKEQIAKAYGSDDFSGLDYIAVKPLPSEEGVTVTKVSGIYTNG,WKDWFVIKATYQIWRCKNPWDRDGWPGTTSTWPHWRQPWWPNTPGETQGYWETIYQPEWRCYTYKWLHYCKIWWWGNTYKVAMEKNTRWWIDYLFNLKDPGVTYRISWPWIGSNPIEVCVTVIHYVPP,128,0.7832283151913237,0.5190839667726888,0.5145125030458307
2p64B,GAASYEKEKELCVKYFEQWSESDQVEFVEHLISQXCHYQHGHINSYLKPXLQ,CWYCMDWDFQIGLMVGFGMNLEEAAIGVKGYIESLSDDELVHMLKQFDWMKF,52,0.5259481535213689,0.5868987161350953,0.7143244699198431
1ueyA,GSSGSSGPTPAPVYDVPNPPFDLELTDQLDKSVQLSWTPGDDNNSPITKFIIEYEDAMHKPGLWHHQTEVSGTQTTAQLNLSPYVNYSFRVMAVNSIGKSLPSEASEQYLTKASEPDKNPTSGPSSG,HYHHWCCPPYPCYCEEPPICWNFTVTCCPCGDWYQTLYIHGRPPPIHVTIKIWWVSNPCDPKIHVSWMNIPANNFICCPMNTIGGQIRFTVLVELWPNYVGDIWPPGGWSWCPFYWCHAPEHCDPWP,127,0.729531249924869,0.6150369932993669,0.5837232004491808
2fq4A,RNIETQKAILSASYELLLESGFKAVTVDKIAERAKVSKATIYKWWPNKAAVVXDGFLSAAAARLPVPDTGSALNDILIHATSLANFLISREGTIINELVGEGQFDSKLAEEYRVRYFQPRRLQAKQLLEKGIKRGELKENLDIELSIDLIYGPIFYRLLVTGEKLDDSYVHDLVINAFEGIRLR,RQQIHQVCMYMSVVFEWQHLQCGMPPTYCHQWICNYPPEVLSKVCQNKEEAVQEFYHRHKPQPMEQPNDYDQDQCLICMVEHWEKCRPYMMMNNMRSYFIQQCGSPMVQYHFEYYIVPMCFWMAMMWFVQRYNEGEIHPGLQPAPMMKIARMIFADICVVCMRGDCVWCMADYIRQFAQQHMPP,184,0.8430039638937566,0.6455382406627067,0.6594579474132677
3c19A,SLGLDYEPSHLMFLVTVLDDRDGEVLGDAIQKLIEREEVLACHAVPCVTKKNRPGHVLVVLVDGGEDPDRVAEDVARDIMVLTGSTGVDRFDADGVYSVPSRFEDVRVVYGEREWRVSVKIAETEEGEVVTVKAEFDECREIGEETGIPPREVKAMVEAAARVGGWVDLKEREIKVQ,FHETCVIDFQAVWIKVVCSEAACSNIFKVIFIMFRDHVPDIVFGSQCWFDGYGTYKQIAWIHAWEGTDVVELVHTIAEESSKPAHPPDPMYVGFNPVSEVLEIKCHNIVCCDDHFVWPIPIETKTDQDGGVIDIEMNMFVDFLKAAGSDKGAITKWWHDNDQKYKFEYMNDTYRIVD,177,0.7858535581519915,0.549608532518211,0.5525453933863245
2x1aA,GPSRVVYLGSIPYDQTEEQILDLCSNVGPVINLKMMFDPQTGRSKGYAFIEFRDLESSASAVRNLNGYQLGSRFLKCGYSSNSDISG,CKSQWVVFANVKPGLDCLIMYEVMQLIGCVSFIYCYWDVETQRMVPICFGEYFNLETVFMACNAMYGTHYGGRQIFMEDREPPIFYC,87,0.9245794732020481,0.908608848851603,0.9846404496947166
5vsnA,RFRIFRAEKTYAVKAGRWYFEFEAVTAGDMRVGWSRPGCQLDLELGSDDRAFAFDGFKAQRWHQGNEHYGRSWQAGDVVGCMVDMNEHTMMFTLNGEILLDDSGSELAFKDFDVGDGFIPVCSLGVAQVGRMNFGKDVSTLKYFTICGLQEGYEPFAVNTNRDITMWLS,VGRGKVDASQLDHKYPEMGIKIVYNNQEPIMGVVFAHRHSSHAAQNNKGFGVQWMPRGINFHASSFINIPWVTCPNVKFYLASRANEGWIYAHIGGQHIWTMDQWNACNWFAIPEDTHLVIGVWNSNQTQVNFTQTAQDCQCQPECPYCEDGCYLSELHTKAMGIQKPM,169,0.5985115770407149,0.3957409719666586,0.44516424589796727
3nmzD,SHHYSHPGGGGEQLAINELISDGSVVCAEALWDHVTMDDQELGFKAGDVIEVMDATNREWWWGRVADGEGWFPASFVRLRVNQD,MSDCDPEVDDDKMKTIESIIEELPVYWYRIHSDCEMGWNDEQKIRKGNLLYILDPADNNWMTERNQSKWWWIPMMALKTIPFDS,84,0.8267629082641667,0.8102891913752361,0.7981186595927589
5euhA,AATDALTGVANRRMLDQSLRHEWFRAQRSGKPLSLLMIDADHFKAFNDRHGHQAGDQALRELARVITTNVRRPADLVARYGGEEFSVILAETDSVGAQQIAEHIRAAVEQLSSVNEDQSPMTVSIGISTWTATSEISLEQLLFAADKALYQAKEGGRNRVVVAA,FEIKLKMHSEFFRGDQFRYMVWQMQAAMQQGRIVAIIGMRAFDIERMSGRKWWEQLEHHWQEIAWGWASRHSRLHNVSEKVTTDIFVVAIDWPVDQIAACVHDFIQMMMQSWKIFPDQTDPPWRIGVRWDSLQNCQDSQIQDALLKICKHLFKDVCRKHRTLPE,164,0.9200165212715403,0.6088157670002546,0.5813294228004604
1gxsD,LPPYDPFAVFNSINYLNLPEVQTALHANVSGIVEYPWTVDSNTIFDQWGQAADDLLPVYRELIQAGLRVWVYSGDTDSVVPVSSTRRSLAALELPVKTSWYPWYMAPTEREVGGWSVQYEGLTYVTVRGAGHLVPVHRPAQAFLLFKQFLKGEPMPAE,MGKIGLWGCVWKCLIRWARWVEWRVMQCKGHYRPRKEPRDSLILRCMMPNTRIYSVRQIKWEVDRGMIVFDMNICRCCYKGWIHQVFRALECVFLDTVHRIKPMPLHPNGRGWMVTMFWDGVPDKIFSLRYSTPQHMKWLCFKHRIEAQYRGIPCYKR,158,0.8344937500922536,0.5657933748241941,0.5429084629724936
1gcpB,MPKMEVFQEYYGIPPPPGAFGPFLRLNPGDIVELTKAEAEHNWWEGRNTATNEVGWFPCNRVHPYVH,YWLAVFLWEWTGNMIAPEPYYPCVYDEDVNIEVVWLDAAGNNCYVGYSEDKNQVVYFPWNFARLYDT,67,0.8003642169626708,0.5539622244542154,0.6498826970296672
4h2dB,PQLLVLFGSQTGTAQDVSERLGREARRRRLGCRVQALDSYPVVNLINEPLVIFVCATTGQGDPPDNMKNFWRFIFRKNLPSTALCQMDFAVLGLGDSSYAKFNFVAKKLHRRLLQLGGSALLPVCLGDDQHELGPDAAVDPWLRDLWDRVLGL,QRIEIIAETNYGDWAELDFYAKACLIASKIKVDYWLKYNLDRTKYNWYTTVWLISTWRWNGPKPYWSFRWFYRINSRDVKQEDKCYYPVIVVMMDGAGYYDWAGAVIELWKKMKEMHCICCMGRPVSIGCMGECMILTIWAVWMTRWVKTIFW,153,0.9592793014048255,0.7204269069685613,0.7106007653081381
2ebiA,KKRAETWVQDETRSLIMFRRGMDGLFNTSKSNKHLWEQISSKMREKGFDRSPDMCTDKWRNLLKEFKKAKHHDRGNGSAKMSYYKE,HQPHYPMTDVDWQFMLWAHKVAVHLMTYGPVPMGVQVAKCIQLIKEHCEGTQDDVIIITHVLAIFFTQPDHPPRPRFKWPRHPRQP,86,0.8731795965877542,0.8478130898475666,0.8467344122286489
4pj0U,LVNVVDEKLGTAYGEKIDLNNTNIAAFIQYRGLYPTLAKLIVKNAPYESVEDVLNIPGLTERQKQILRENLEHFTVTEVETALVEGGDRYNNGLYK,GGCQQYIVNHCPHEVRNRHWHCDLDHYCQGDDAHMSDYWKQCYDNLSDHGPFAKYFDHPFHDSECRMVCGGMMFGYDEIPEWWYLCNDDHGHCFGV,96,0.5631026965226252,0.20964083101645872,0.3559758499163427
2vn6B,VIVYGDYNNDGNVDSTDFAGLKKYIMAADHAYVKNLDVNLDNEVNAFDLAILKKYLLGMVSKLE,APDMNNPNAPMDSVNYMEWMQFQTASANDDPIDISKYKDEEPMGGWWEARVKFLIKHQFLSGKE,64,0.8963422680619872,0.6766746776132131,0.7548557390935993
6hnfA,GHMDAPSNLRFLATTPNSLLVSWQPPRARITGYIIKYEKPGSPPREVVPRPRPGVTEATITGLEPGTEYTIYVIALKNNQKSEPLIGRKKT,MSTDTIHIVPWPTWYTDGFYVEWYPWDDTPITVIWWSCGGDTVWWWSYDDPMVGIPQFEIRNWHPDTPYHWEIKAICFGYQGPWWEDEWHS,91,0.7924731078842441,0.6507238524483951,0.6917869731544415
2xguA,PIMLRGGRQEYEPVGPGLIAAWLKQVQEHGLTHPATITYFGVISINFTSVDINMLLNVTPGFAAEKQLVIDKIKEKAIAWDEMHPPPPADAAGPVPLTSDQIRGIGLSPEEAAGPRFADARTLYRTWVLEALQECQRTISPLE,VNIAGEWYCEELTMGENYQFAKFMLANIGEYGQLFAPLWDFARKCNITDRCLFDFIDGFSFDRVEAYKAFVWVIGWMLCVEFICGLDLGNVGLVQLWPPNCWRKMLDQPIKHKQLEGWRDAVVDIVWCIRETMMTTCGPMLIM,143,0.8541502970474507,0.5219671383387791,0.5239593818453643
4izeA,SMXKPITGTINDLNQQVWTLQGQNLVAVPRSDSVTPVTVAVITCKYPEALEQGRGDPIYLGIQNPEMCLYCEKVGEQPTLQLKEQKIMDLYGQPEPVKPFLFYRAKTGRTSTLESVAFPDWFIASSKRDQPIILTSELGKSYNTAFELNIND,VHYALAYRLKYNGTNGVLAVGNGGFYAIHKDGGNIIPFVWKLLPRQHSCSPPWHFPWRFIHHSPNGIAKPICKMNPNFPFLFADDAEDHKRYGINCKPDIWVWWVKVGGWWYFHYVGAKDWFLHQSWFGDYGYIRGPALWGEHYKFMILHYR,152,0.7905605571853097,0.5633942383230165,0.5352007510069435
3q1dA,QHLMCEEHEEEKINIYCLSCEVPTCSLCKVFGAHKDCEVAPLPTIYK,EIYVDPNPPGAKLVMVDIDGWTIIDKKWFLDHPRNQGRFVAAPELFD,47,0.7558563057116201,0.6666694096720509,0.6969329182932745
3towA,MDPITGVGVVASRNRAPTGYDVVAQTADGVDADLWKDGLFKSKVTRYLCFTRSFSKENSHLGNVLVDMKLIDIKDTLPVGFIPIQETVDTQEVAFRKKRLCIKFIPRDSTEAAICDIRIMGRTKQAPPQYTFIGELNSMGIWYRMGHHHHHH,AARQKTQTWKADSCPCPRGWYPADDVNKGGWRPDAPDVPENNDWYIWHVMFENPTNWLDRMKLKWVIVWFVEYGAEPHPDILIGDATPYYPIERKPDIKHVYIFDVSQYMGIATIYFQAITERAWYGGCAPVILIHTHCTTIYCYVIEPEDC,152,0.8725204560534296,0.4759890207001442,0.44674094289884414
3kinB,NKSLSALGNVISALAEGTKTHVPYRDSKMTRILQDSLGGNCRTTIVICCSPSVFNEAETKSTLMFGQRAKTIKNTVSVNLELTAEEWKKKYEKEKEKNKALKSVIQHLEVELNRWRN,YFTLVHCLMMWYIKYICNPDNWYKKETWACCMKTAWQKWGCNDCHVVLEDMPDHTLHCWMNQVCHYYHCQKHHMYIDIEPKDKWTCEMTMFMEVFCFWIFSALWCYGAWWYWNKVCG,117,0.7727372293926983,0.5027474381889109,0.39669478499259203
3fqqB,GVPFFSCQRGYKGVWRGDGIMQTTCPCGAQITGHVKNGSMRIVGPRTCSNTWHGTFPINAYTTGPCTPSPAPNYSRALWRVAAEEYVEVTRVGDFHYVTGMTTDNVKCPCQVPAPEFFTEVDGVRLHRYAPACKPLLREEVTFLVGLNQYLVGSQLPCE,KWWWDHGGCCFGPIGLDAKAIWVNLGTGCEQWVIVVNCVPILLVTPENINFICQQNVWPWLWPWDRCWVPDPCPILELEVTGDGVYYCKVYDYCMFVMVFCPVQKEYMMFPIWPPWVNRYVLGEILSPCEPCGPPDWIGPKTYIINGQEINIDQCYHEC,159,0.37911334032224653,0.3240030083241715,0.5122729991583257
2owaA,DVDEKGFVSDKLRDNFFQIVRNRPENRTCFDCESRNPTWLSLSFAVFICLNCSSDHRKMGVHISFVRSSDLDKFTPIQLVRMDIGGNGRARNYFKQVLGVNFSPKTKEYASSICGRQYKQILDSEISE,TWLGEEDEDSIMAKHVAFLKSDHKKWGFTEDCNPYPCIWGKAGEKQVKFHMLCWFTRMTDWDGQFPHSRIPEPCKQAEVMNQEKMIGKAIDICMLMDINEDVDEHMCCIDKPELAWHWSYYIVQRYMG,128,0.9020796715261393,0.493855980382518,0.4654663256924176
2guzC,GFLKGGFDPKMNSKEALQILNLTENTLTKKKLKEVHRKIMLANHPDKGGSPFLATKINEAKDFLEKRGISK,ITEQPVEWDPPTRKQRFDDMGIDPDTMDDRQFCMMVMRYIWKNCWHFQMDRKKMEAWCRCVTIWLYTNRHP,71,0.8608634580969267,0.8333763693634708,0.859634041370694
1ze3H,TGGADVSARDVTVTLPDYPGSVPIPLTVYAAKSQNLGYYLSGTTADAGNSIFTNTASFSPAQGVGVQLTRNGTIIPANNTVSLGAVGTSAVSLGLTANYARTGGQVTAGNVQSIIGVTFVYQ,SVEFAWRKKCTEMIPCPMMPITGDGKAMANDNEITVIVEFKPKCERPYGEPEPEIPECPCCKPFMTTITYPPQFMAPGHTCTVSFINTACNNYTITPVMQMTIDPPPPSSPVMTIMEYTFEC,122,0.8044018337391511,0.5131217885302312,0.4837515848956255
2nv4A,XILKPIGVVKSPFKTQNDAPRQGRFSDAVSEIAIFDEYADGLHKIENLRHIIVLYWXDKASRDKLRVVPPGETEERGVFTTRSPSRPNPIGLCVVEILEVERNRLKVRWLDALDGSPVIDIKKYSPEIDAVNQ,NGQITATNTVCWYSDPPELISINTCDVGRVFIPWFIYKWFFPWIQPHVHFIWVCWNFLGNQNQPMVCFPSHIIPKDFNVKEPENCPGTPYWPFFFCRNNLFWTEWTCTNFGSTPHNPQVECVALIDYNFLQHP,133,0.8529709964847925,0.2061047668550596,0.27488442331906837
3mcwB,XPAPLRFSSDKPLLLLIDXQQAVDDPSWGPRNHPQAEQACAGLLQAWRARGLPLIHIRHDSVEPNSTYRPGQPGHAFKPEVEPRPGETVIAKQTNSAFIGTGLEALLRANGWLELVVAGVSTSNSVEATVRXAGNLGFAVCLAEDGCFTFDKTDWHGRRRSADEVHAXSLANLDGEYCRVCGSADILAALGNI,GYPQTIGHAPNVLTMHFDPFDLGRDHANCKPEKAFYCDVFDHHLRLLGDACNDKFELHWFPGGMSDDESDFNIECYWNKNNMKPSEGMFVIICIPNGYFYQLPNWKQVVEEGFDAWIIWDHHMRVFCSKLLIEHAMIERANVVFANVHEPVEDNPGCCLGYEHFRLCQLVFGWYDAWGVYGEVRRDVIKKRMC,193,0.8154223899102417,0.4466756188299341,0.42684430155703756
5dedA,DKQWERFLVPYRQAVEELKVKLKGIRTLYEYEDDHSPIEFVTGRVKPVASILEKARRKSIPLHEIETMQDIAGLRIMCQFVDDIQIVKEMLFARKDFTVVDQRDYIAEHKESGYRSYHLVVLYPLQTVSGEKHVLVEIQIRTLAMNFWATIEHSLNYKYSGNIPEKVKLRLQRASEAASRLDEEMSEIRGEVQEA,DRIARVCLWWFVYFYFCLKFWILQLQQVLRGLWEPQGIHEVHVVAHPVIVAWFDHIWNHKAADRNRYAGDTIIVVWIAAWPMQRDMFHRMVSKLPACRVVERFDCKKECRLGCFCPSNVVIRIAVQPQGNDFAIIEIPCPASKVIAMYLCYWEWCMRFKQRSAAAWRCFFWHVKAQAWISYMMEQLFQWYQNQQC,195,0.9189666121228824,0.6921260059503929,0.6782492619443989
2k5cA,MAKCPICGSPLKWEELIEEMLIIENFEEIVKDRERFLAQVEEFVFKCPVCGEEFYGKTLPRREAEKVFELLNDFKGGIDWENKRVKLK,AVAFSVSLAKKPWYAYIIDQQDIYPFNIVPNIAFAFHAVVTSRAATDPHYEVHWPGVQHQGVYPWWTICTWAAIYFWTFDAFNANPKN,88,0.5451607294171531,0.2576284864918531,0.3017106520254876
3b8eB,TGGSWFKILLFYVIFYGCLAGIFIGTIQVMLLTISEFKPTYQDRVA,ILESYNGVIIIAFLVAVYWLVVYWHNMKLEKMMAPCGCKPTNDCIC,46,0.7258379058735619,0.7269081486695035,0.82475548448376
3bj6A,SNAXTHETDQLYQAVQATRPLLRNITAAVERGTLREGVTVGQRAILEGLSLTPGATAPQLGAALQXKRQYISRILQEVQRAGLIERRTNPEHARSHRYWLTPRGEAIITAIRADEXAKLALFSEGFSSVELTAYHKVQLALTRFFADLAKEA,AMLCQLAYKMCVVAYMAYLRILCLHQMWKYCQWAMMYCCPDWTIVWWWFQITYEHDFWQAYKEQFWPWHLRLYIVLCHKCQGQGSCCFHCCCPNGNPMYNVSALQIIEECYGRYLYFLISMVQGPCFPQYRWWMLRILRFFVQRLDPYIRQQ,152,0.871962975970858,0.5153921034688819,0.5088993523243261
1dp7P,TVQWLLDNYETAEGVSLPRSTLYNHYLLHSQEQKLEPVNAASFGKLIRSVFMGLRTRRLGTRGNSKYHYYGLRIKA,DFLQKVNSYHIEQLDIEGQGNEVMEYLEYYISQYQMPVPSAVSQQITTMLDCCIPFKLPINPDQMILIRVVVWQIN,76,0.9455098259927838,0.7564025132340562,0.8087660037341101
1gknA,EAEAHAQAPDHFLFAKLKTQTTASDFPIGTSLKYEBRPEYYGRPFSITALDNLVWSSPKDVBKRKSCKTPPDPVNGMVHVITDIQVGSRITYSDTTGHRLIGHSSAECILSGNTAHWSTKPPIDQRIP,AANTCTVGPVSPEYVKIHPDHGDIGDEGYAQIRYAAYPGHSCISFIWMCNGFRDWTPQLRICLYECPPTPWKTPFNDIKWGPYTRWNLTIKFIVKNGLIKEEDDCLICEINGQQHVYWTPRYRRCNWI,128,0.7771500420910924,0.6939403377189111,0.6320040607579661
2ktrB,MSLTVEAYLLGKEEAAREIRRFSFSFSPEPEAEAAAGPGPSERLLSRVAVLFPALRPGGFQAHYRDEDGDLVAFSSDEELTMAMSYVKDDIFAIYIKEK,PTSVMAQIECPSEDGGCMEVNIECTGGGCSDPPCPPEDDICKMVGEEMGKCLSGQPNGMISMKFFKGGEPYTVDVGTISMACEAAGQQGGMCMVNFIYQ,99,0.8278890801735582,0.6670236019890334,0.6797219028949472
2csfA,GSSGSSGPIKVDGANINITAAIYDEIQQEMKRAKVSQALFAKVAANKSQGWLCELLRWKENPSPENRTLWENLCTIRRFLNLPQHERDVIYEEESSGPSSG,HYDDPPIPWPLMAGDVCPPPNALCKACVMGWVAEGRPEMIAILTGDCSCCCEICKAIFGPPNFANDPEEKIAMAMWIGIKGIDFPAMIFMMNRCCFKLPTF,101,0.8093745162355424,0.7510640173377974,0.8127700871347959
4e45D,SGFRKELVSRLLHLHFKDDKTKVSGDALQLMVELLKVFVVEAAVRGVRQAQAEDALRVDVDQLEKVLPQLLLDF,VRVKRSYYEFLRAQYLENPLIRLDAMALKDLSLITMDWVRHDLFEGAIICIHQGRRRVGPDVMDQAIQLQEWYE,74,0.9709884525707958,0.9709884525707958,1.0
1mkcA,AKYKFENWGABDGGTGTKVRQGTLKKARYNAQAQETIRVTKPB,ECVCKEKPPDKHWPWGPKYRIVKYMPKERPWHHGGGEKPHHHS,43,0.46540971533261394,0.12208664567220492,0.20320502773823598
1s0pA,SVKEFQNLVDQHITPFVALSKKLAPEVGNQVEQLVKAIDAEKALINTASQSKKPSQETLLELIKPLNNFAAEVGKIRDSNRSSKFFNNLSAISESIGFLSWVVVEPTPGPHVAEMRGSAEFYTNRILKEFKGVNQDQVDWVSNYVNFLKDLEKYIKQYHTTGLTWNPKGGDAKSAT,HLEDCVYCYQQCVWPAMVCLAYYCGEVMCCVQAAFVMYQELIYGMMIVQQVSGRWNTWTPIWFFVCNCFVRFCMCVNNMPPDMDWGKILIDCWWDDMYMSFLYWPEDNIHAVFCCWCNCCWEAYCGARHMNHSHTDAYQAYYQCWWKFCDDCCCMVNRIQHQPRDIRCTWNGVGMR,176,0.47783266140178765,0.5680882002536681,0.5516416955095235
2yzkA,XLAKVLKKRGAVLRGDFVLSSGRRSSVYIDXRRLLGDESSYSVALDLLLEVGGQDLARSSAVIGVATGGLPWAAXLALRLSKPLGYVRPERKGHGTLSQVEGDPPKGRVVVVDDVATTGTSIAKSIEVLRSNGYTVGTALVLVDRGEGAGELLARXGVRLVSVATLKTILEKLGWGG,NLLIEWCRQKMRGAVAVNVGQGMVVVCHGLELPHMQKLQDIWWNVPWIIAILCQYWRDKIEVGYGHCSDDWKDVCDIIKDAGGEYPIMDFHFNGNCKTQYYVKSKPDLCFIRIWFYDRNDVHEFREWASLCSDSPQICLVILSDGWWDCDSVKNWLYCEIKVDRREASIWMSKCPLL,177,0.9250014639555193,0.503551006220741,0.4787203817276766
3sohC,KFSKEQLRTFQMIHENFGRALSTYLSGRLRTFVDVEISIDQLTYEEFIRSVMIPSFIVIFTGDVFEGSAIFEMRLDLFYTMLDIIMGGPGENPPNRPPTEIETSIMRKEVTNMLTLLAQAWSDFQYFIPSIENVETNPQFVQIVPPNEIVLLVTASVSWGEFTSFINVCWPFSLLEPLLEKLSDRFWM,GAGKHCVNHGIQQCRDNWHQEKQWCRKHGFGWPKVRAPFIMIFCFPWVCCCCPHQKVKMVVTTPWVCFWIDCDVLNAILYVFIGFCRHRPDMWGHCPQPAELMNFYYALLALCGDMVRGIMKEQEQPVWNVSVVVDVNRFDCCGWCICWYVYFGFNAMWNEFYPYGMNVCVFKLEYAIKNFWRDVCRY,188,0.6769111548786251,0.41424648068114583,0.38570968461666766
3vwcA,SIKPGTYEVTSKVNGLHVGRPLAEDRSLLPKRIRVLPEDNNSGNSWVVEKDDDAYILYCKGAPVAPQEGKLFADLLGNMEDKKWIVTHQPQHGENVFTVVNASTEHGWVVPADAEELQQVEVRPLIAAPSYPPRYPATELFTFTQV,SKKKRWRGVCAMIGNFHQCRDFNETDGPQYPFTLCMPGEHCPTGGMEMVWIGEEQYYKHESGNLGIVVWVECFFRSMHYPMPAYVTSIWYWPDTQYWICEFPCWNEIFDVGKDGSREQAMPVWQPPSFFPRPFDDPSPNEFEFICE,146,0.7806424873330102,0.40462788951265555,0.41922664218347555
1i4yE,GFPIPDPYVWDPSFRTFYSIIDDEHKTLFNGIFHLAIDDNADNLGELRRCTGKHFLNEQVLMQASQYQFYDEHKKEHETFIHALDNWKGDVKWAKSWLVNHIKTIDFKYKGKI,CLLDPYPTNVTLADISNVYVLWAAQCMVQWCVWCCQRMPNEGCRRMCMGDMYQICDAYAQLAAARGNWGEYAWIYMFMCLDRCLCECPWSWPVAMCYYQCVERYGICGRWAQI,113,0.7974112898801357,0.6612019861671026,0.5684440285861453
1zc4B,GQYLVYNGDLVEYEADHMAQLQRVHGFLMNDCLLVATWLPQRRGMYRYNALYPLDRLAVVNVKDNPPMKDMFKLLMFPESRIFQAENAKIKREWLEVLEETKRALSDKRRREQ,CMYTIEWTKTMKWRFGSQWMYVKEMRWRHCGTTCSTKIVIDTSRCCYVTIFYCKACCCIWVQRCRPDIQCIVMMQTRVGCYVMDMNDKMQHEHYRRMWGRFRHALQDFCAMLH,113,0.838280069269875,0.7569245690650405,0.7650460912981385
1lshB,SKPKVVIVLRAVRADGKQQGLQTTLYYGLTSNGLPKAKIVAVELSDLSVWKLGAKFRLSAHMKAKAAIGWGKNGQQYRAMLEASTGNLQSHPAARVDIKWGRLPSSLQRAKNALLENGAPVIASKLEMEIMPKANQKHQVSVILAAMTPRRMNIIVKLPKVTYFQQGILLPFTF,TKVHGYKTTTTMSAEYSRPDTFAIYVADAWHYKRYAVTIKYEINSSKEYRYEQRKIYDDPGQYFVKAFACRGPHGDDDVYVEIFYTCNRWKIWVVKCHSQYHPTTMQWFWLYWLTKWCWWMLKIFGFKVCFFVHYAVPTEVKCQVDYSENELCCQLIGPKDDVILCFTWTNGPM,174,0.5117354477028926,0.5011980135828181,0.5348535679011049
1jw3A,MKGFEFFDVTADAGFWAYGHDLEEVFENAALAMFEVMTDTSLVEAAEERRVEITSEDRVSLLYDWLDELLFIHDTEFILFSKFKVKIDEKDDGLHLTGTAMGEEIKEGHERRDEVKAVTFHMMEILDEDGLIKARVILDL,PEHYRQEMNGFDVRIYVSCHSFSEILPAMIQWFLDVFKPDESNETYYGGEMFLDIDNQMELSFLLITIGFIRHVLGITTLFPSIGLAELRGNRWGFKIEWEDIRPPSKPSSSAGSQEHDGDVMTIDCLAIGITVTFGISI,140,0.8296480907592316,0.7331560470855026,0.7122070299486387
6c6qD,EDPVTGPEEVSGQEQGSLTVQARYTSGWKDYKKYWBQGVPQRSBKTLVETDASEQLVKKNRVSIRDNQRDFIFTVTMEDLRMSDAGIYWAGITKGGLDPMFKVTVNIGP,PQWDDTGPYVLVNGHGSVDLVLENKEWASEDCFVSSDDHPGEEKFKWVPCGDGWPQIRVDNFEIYLHKHDHTHITCHTERPESFDEVIFWNYNSEFDHAYIGTFMCIWH,109,0.8259418006764542,0.4407030328698929,0.4733349629396809
2k2mA,GPLGSGALKWVLCNYDFQARNSSELSVKQRDVLEVLDDSRKWWKVRDPAGQEGYVPYNILTPYPAAAS,GSKKPVSVRWIIVMCDYESLGMVELKSERGKLINVWDTPYSWWLCRMDNGYGFFVFFGFIKEIPKPPA,68,0.9004236655205393,0.9184558505226814,0.9004521459128894
3hb7G,AKHAILVIDXLNDFVGEKAPLRCPGGETIIPDLQKIFEWVRGREGDDIHLVHIQEAHRKNDADFRVRPLHAVKGTWGSDFIPELYPQEDEYIVQKRRHSGFAHTDLDLYLKEEGIDTVVLTGVWTNVCVRSTATDALANAYKVITLSDGTASKTEEXHEYGLNDLSIFTKVXTVDQYIQAWE,WCTVLVLKAPNPNYINMTGWNFDYKKCILQVDDLCKSWMEHIGGHDECYIIWVVWYFPPHAWYFLPNFPFQARSPMEVEAVNKPGNCPKQKWWVCATCGWNDPMEWWCEILSKQGVEVFWHDSENGLDNDELITHMAEHNICLFIEAVVPGHFTSEWHAFWEKQDQGNRVINQSMLIEEIYK,182,0.8499677609003913,0.5365898114221517,0.5503669992700512
1hi7B,EAQTETETVAPRERQNFGFPGVTPSQGANKGFEFDDTVRGVPWGFYPNTIDVPPEEEDEF,HSHPPPQACPMCGGGCMEQYQTDVCQAIRDGIWQMCQNCPGDIWICIMPMPPWNQGWSKD,60,0.6302134309878995,0.7240566786527546,0.544585062172124
2mw4B,SDGDVVYTLNIRGKRKFEKVKEYKEALDLLDYVQPDVKKACCQRNQI,WANDTRWVTVEVSDYWYDKYDMALKYAKRRLKCDYFAVLVAIILEMY,47,0.5272877355686708,0.5099684710505977,0.8212389447631644
1t4wA,EKWMEIDVLKQKVAKSSDMAFAISSEHEKYLWTKMGCLVPIQVKWKLDKRHFNSNLSLRIRFVKYDKKENVEYAIRNPRSDVMKCRSHTEREQHFPFDSFFYIRNSEHEFSYSAEKGSTFTLIMYPGAVQANFDIIFMCQEKCLDLDDRRKTMCLAVFLDDENGNEILHAYIKQVRIVAYPRRDWKNFCEREDAKQ,EQWVMCVQKFYDHKDEKQICVSYGDRCNCYIPMEEGTYYWLSIHAAMMGTMDGANHSIHIDMFYPFTGLCDWVGPIWEFIEPPWDCFQQCMQQCPYPMNWQIFIGQTYFEETLTKDEKVCVRWNPPPGCCKYLVLELDWYPQIWWWAWSNRCYFMLRLKIDDCHCTDVEFDVRINHACINPLLQAFVRCIIPYLFK,196,0.5280681749415835,0.43725745368348046,0.4908793742100817
1uhzA,GSSGSSGPISRLAQIQQARKEKEPDYILLSERGMPRRREFVMQVKVGNEVATGTGPNKKIAKKNAAEAMLLQLGYKASTSLQDSGPSSG,EKCPIFPQWVFDIINWMYNTGICFIDIKCWVCIDSPWNEWMIFAKIAGCWWSIRFVDEWHIKFFWDQLKSMAKKQSIEAFKAEFGQIDE,89,0.7824440354207312,0.7494780712791269,0.8473944943864484
1vdxA,MRAFIAIDVNESVRDSLVRAQDYIGSKEAKIKFVERENLHITLKFLGEITEEQAEEIKNILKKIAEKYKKHEVKVKGIGVFPNPNYIRVIWAGIENDEIIREMAREIEDELAKLGFKKEGNFVAHITLGRVKFVKDKLGLTMKLKELANEDFGSFVVDAIELKKSTLTPKGPIYETLARFELSE,CYHLVISIHGHMKCVVECIIEDLSCLEPCEVMYTKPENSWRWLIVTLNSKQCMEWLSIICEKVSQWGGWCKVEPCYEWFEVCVGDDVEVVYSAMQRDMTFQMYLKIFSYFNKNIELWGWNDEIIECRIFVYFGPLNKKQAQDCGEKAGMCDFCSYCKQSHIIVSILWEEKKVVVGKKIRGRFPA,184,0.9004538991456817,0.5658589672042679,0.5892600037802249
1pk3A,RANSHLRSQPIDWTIEEVIQYIESNDNSLAVHGDLFRKHEIDGKALLRLNSEMMMKYMGLKLGPALKICNLVNKVN,LPYPDDMLAPWMIAPEIQAQVMIFSVDAMDYFPMLKIWQFQVIEMFLEMTVQDMYKIFKIKEWEHWQIIKYWKEHN,76,0.9367346493162957,0.7830774400888189,0.7666249912102735
4etmB,GRGSMISVLFVCLGNICRSPMAEAIFRDLAAKKGLEGKIKADSAGIGGWHIGNPPHEGTQEILRREGISFDGMLARQVSEQDLDDFDYIIAMDAENIGSLRSMAGFKNTSHIKRLLDYVEDSDLADVPDPYYTGNFEEVCQLIKTGCEQLLASIQKEKQ,CAGMQVDHVVVGFTACMSVDTWNAFVFWLFCNWMRPDDFTVICIDSPSPWQYCIPEDACMAMWRMFRQWNPCCPAFDRIWIRRSLPFCMCRCPAFCLNVCRCLYRANMQMVICGTNDPCCNMDNRDYWPPVCNMDWIRAQNSAIESSCEIGMEVVRQMK,159,0.8988512487476755,0.4674319068154108,0.4719839182641356
2q3vB,KNRIQVSNTKKPLFFYVNLAKRYXQQYNDVELSALGXAIATVVTVTEILKNNGFAVEKKIXTSIVDIKDDARGRPVQKAKIEITLVKSEKFDELXAAANEEKE,NVEFIDCDDNNKMAAAKAVSDIIAQRGAKIVLDIMTAGTSMTAIKKDMKKDFEDIHICMVISITCIGVNPLTNMNVRIVGAVTNIEVEPDLISKDCKEAGIIV,103,0.880935367850405,0.6507014913867293,0.705081735146459
2c4fT,TVAAYNLTWKSTNFKTILEWEPKPVNQVYTVQISTKSGDWKSKMFYTTDTEMDLTDEIVKDVKQTYLARVFSYPA,CAATMWEIAFYENDMYVGYATMPEKGMMHVRYHLTWPGWPHWEYVKIPGWVPCYILAMHHRHQITDITVAVTPIF,75,0.9158701796784985,0.6541479158257447,0.6726219117965746
5ixuA,MLVEMRTYRITAGKVPEFLKIYQDEGLGIITQYARLRGCWTQDSGTLNSVVFWWAYDDYSHRAAQRERLAADPQWQAFTPRIVPYLEHQESVFLVPAAFCPD,AVQKWIIWKTKLGQCQDWVNYFETTLVPEVQDARCAIFWPIFLNRKLKKIFEIDVNDTQEQRQQWQAWRSKNWKIILIWWNILPFCNSREDIAFTDSQIWFA,102,0.9228469331087834,0.8826303837230185,0.8336878270684219
1hyrA,ESYAGPBPKNWIAYKNNBYQFFDESKNWYESQASCMSQNASLLKVYSKEDQDLLKLVKSYHWMGLVHIPTNGSWQWEDGSILSPNLLTIIEMQKGDDALYASSFKGYIENDSTPNTYICMQRTV,GIKKWFYMKEERNYDQLHTTFYAPYIWSECGDYCVNQNMQFVAIDDYRDPYYHMGEKIMYHVLLFFKDWCAQRYVWLDCGDGDPNEQWIYLDKEPDRLVVLKDHQAWVQNDNGTYQMLMYVWPH,124,0.6926478860978732,0.5325140266606236,0.6134900358277436
1yozB,GHMLYINSFLDRMGEIIRGEKSVEEADKLLDQKNIFEMFRSDCEEILNLYKSGKAEKEEVQRNFYLLKTYVVSQLSIHFERLKEFAESKGFKIEKKLDPEVINEIALYIDRVEKEV,HEFGHQTGIGELVWRWVKNGGSEHAQYRVQMDKWAAFMLLVHWMIEKIMKADEKEDKEDQVFFGMYRDCIMAWCFCFDEVEMYYKRIAEGFKWPNFPENMIEWFFDLWDWWNHHRK,116,0.7559992617198316,0.6615176115250447,0.6751558706927339
4s0uC,DPHSLSYDITVIPKFRPGPRWIAVQGQVDEKTFLHYDIGNKTVTPVSPLGKKLNVTMAWKAQNPVLREVVDILTEQLLDIQLENYTPKEPLTLQARMSJEQKAEGHSSGSWQFSIDGQTFLLFDSEKRMWTTVHPGARKMKEKWENDKDVAMSFHYISMGDJIGWLEDFLMGMDS,HGMVFWYWVWPPPDWREYPEKWCIMTCSLLNWVWMMSYNDPGPWHDPDDYMQREMSRTNHVICQIGEWIRQLQVVIENVSRQSWPERFQGHFCIVEMRIECSNVDTDFDWVFGYVGSQPVLLVPVGQTMVVIMGGWRGLSLAMQIEMERWTDLMVRFIQDDLILWMRDVLWYLSW,175,0.7828890256084007,0.739480018443645,0.7008003461946832
1dqcA,YLAFRAGRYSPBLDDGPNVNLYSCDSFYNBHKALARLENEPKGLHYNAYLKVEDWPSKAGCTSVNKEDHLWKT,KGKCPQQYMNCKPDGMVVPPSVSNTQMLICVNRQCVQKFFPNGGFWDPEFQNDVNIYNNNKDPDVGDLNSIAP,73,0.7413943700657037,0.7101609083373622,0.6833815563113884
2kcmA,MKGKVVSYLAAKKYGFIQGDDGESYFLHFSELLDKKDEGKLVKGSMVHFDPTPTPKGLAAKAISLPLEHHHHHH,NHFAFFYFDLEKQQPVHRFRDGKERIVDKEYLDPIFPWEGYNPENCDMKIYQDPVTQRKYLWMVFDDDDEFSDP,74,0.7643851734110303,0.6857803442609981,0.6992672454668633
4qtpB,LSAPDSITTLVEDHDGVSVVSVSGEIDMVTAPALEQAIGAVVADSPPALVIDLSAVEFLGSVGLKILAATYEKLGKETGFGVVARGPATRRPIHLTGLDKTFPLYPTLDDALTAVRD,YTQLKPGWWVQFTFLWVRWEVWLVFDTRMWSITKAMNMMQMMRNSICDYVYVLFIWWCECQWILLVQQVSVRKWMVKTMMWHVIMKKVIFKMNWAHQQQLKCWAPYDSKCFQWAQEE,117,0.8290202294318211,0.39403720468569503,0.3723846932469612
2lxhC,AVATPEELAVNNDDCAICWDSMQAARKLPCGHLFHNSCLRSWLEQDTSCPTCRMSLNI,LYTFDYQKWCAENPQPGDNEAPFMLRGPCGAETCCCDFLRAMYAATHINPIDGAPFAG,58,0.7127209843995586,0.5381499753656219,0.5534415128438372
3c6nA,AANYLNIKNLLDLTCQTVADMIKGKTPEEIRTTFNIKNDFTPEEEEEVRRENQWAFE,MQHRRMPYNIRCWMQALVIASINGYTMDQICEGRWGILPVPEGAVGAIQRIIDDQHQ,57,0.7552898992749313,0.6874327627787754,0.8157977267154074
4uaeF,VESAVLRGFLILGKEDRRYGPALSINELSNLAKGEKANVLIGQGDVVLVMKRKRDSSILTDSQTATKRIRMAIN,WPQSILEFMLIQGPVPAEYKGLKCADCVAAGNPQAYVEASFINGFMVHICHAFCPPEPTDLNAPALEPPQDGCE,74,0.5125600507384265,0.5423569401597681,0.6107162783968105
2bicA,EDPLYAQAIGBPTLYSEANLAVSKECRDQGKLGDDFHRCAEEQBGSTTPASA,RNPNPPRDPFFPMPGYDPYVIWLLYQLAYRGPGGGLPFLMMRTYGGRMPCYY,52,0.372532839736209,0.3491003980828487,0.7379160315683174
2bidA,GSMDCEVNNGSSLRDECITNLLVFGFLQSCSDNSFRRELDALGHELPVLAPQWEGYDELQTDGNRSSHSRLGRIEADSESQEDIIRNIARHLAQVGDSMDRSIPPGLVNGLALQLRNTSRSEEDRNRDLATALEQLLQAYPRDMEKEKTMLVLALLLAKKVASHTPSLLRDVFHTTVNFINQNLRTYVRSLARNGMD,IHQCPFMPMLDMDCMPDVIHMMEMIMVYMRKCKNKRKAAVHLRHCCGCCHFCPKPIGMGMQWHGNCHHECDCDMRDCMTIEKFWPFFLFIAEMLILIFINCPRAWNDDYLMGILGEKWVHYFIYKPFFRFCCTLMKETGMEIPTSDDWYEIMMCVMKMLKATQLIECEACQRFAQYMFWKYMELYYFPIMVARMTMV,197,0.6532429512092917,0.6313667890763008,0.5863092866717811
1pmsA,SKQLAIKKMNEIQKNIDGWEGKDIGQCCNEFIMEGTLTRVGAKHERHIFLFDGLMICCKSNHGQPRLPGASSAEYRLKEKFFMRKVQINDKDDTSEYKHAFEIILKDGNSVIFSAKSAEEKNNWMAALISLQYRS,HKFHDFHIWCLQKYKKHKPRPPDHCGHGEHEVKMIVPHPVCPDWVWHHVIIGPCPCWFRSPNDPPPKNHCQPKPPMHINKVIAGEWCCHFTFCEENCSSMIVCCQGPNPCVLDVPPFADADTWYQAIMEWMAIHP,135,0.5616827121455669,0.6009533531706908,0.5806065407724209
6nrxA,SRIVDPKFSSPIVNMTAPVGRDAFLTAVVQDLGPYKVAWLRVDTQTILTIQNHVITKNQRIGIANSEHKTWTMRIKDIKESDKGWYMAQINTDPMKSQMGYLDVVV,GVKGPEQTNQCIHLRPMFNYRECWVSVKIVMGPSDKVGIFDDSLGVNWIVSGTYHPAYRRPIMCCKYGKTMIFFTGHGWDSGFRSHVVGLTVGYHPNVVLICYLIF,106,0.9562730658901706,0.4015448859376531,0.39193082734308354
1wdvB,EKVEEWIKARGLTWRLLIXQKPTRTVAEAAALLGVSESEIVKTLIVLDNAGGVYAVVIPGDKRLNINSXKELAGKPVRLARANEVVELTGYPVGGVPPVALPPNIVLVVDRILLSRKKVYGGGGRENALLEFSPRELVEATGAVVADVSE,RDIYVRWMIGHGYVRWGRERGGGKDDPYWTYYCWKHPQQFKCKVWIQVPYCGGVVEYERMPGMMSFERVINWMAGKTVDYVDYLDWYALRYYFCRWFPAQRKDCMVGEWVGQPTTCWVEMYYSNCWYPCKLMTYTQFKQIMYIGCLHCTY,150,0.9662916111420881,0.5092476768369948,0.5099007697041834
1sauA,PELEVKGKKLRLDEDGFLQDWEEWDEEVAEALAKDTRFSPQPIELTEEHWKIIRYLRDYFIKYGVAPPVRMLVKHDKKEVRPDDNLQYIYKLFPQGPAKDACRIAGLPKPTGCV,QLVMYMGQPKKVSPNAGFPPCLNMDWPTCWQLLDKPLNSTTESPIPIDVFNEIWWHFWMCFKIKCGLNCMACFEQVLREGMEGMEEQDFHAHFMLVCREVLCLMGCRINVTLKL,114,0.8393944936160455,0.5877069518090597,0.5225341995969677
2aqeA,GSNSGRRSAPPLNLTGLPGTEKLNEKEKELCQVVRLVPGAYLEYKSALLNECHKQGGLRLAQARALIKIDVNKTRKIYDFLIREGYITKA,YFHKGCHHDQDDSIPPLRSSPDIPPKERECMKQHRFPEYECMEMMNFIIHFLQQHHGEDNARNYCCCSNYKPSVCDAAYGAWHRGEIREP,90,0.7056472219362848,0.7502648841441658,0.6768646098697486
1sz9C,DHDTEVIVKDFNSILEELTFNSRPIITTLTKLAEENISCAQYFVDAIESRIEKCMPKQKLYAFYALDSICKNVGSPYTIYFSRNLFNLYKRTYLLVDNTTRTKLINMFKLWLNPNDTGLPLFEGSALEKIEQFLIKASAA,KLVEMSIWISMKLWSSMGEQVDYDDCKAILLFLYKMKEYIDEFIMIILCIIKYYEPENMEVFETMCIYASIKGMMVQEWIEHVISFMALVAILIMGDPKPFIQITIQAMMMGGDRIDLPPSNHPDMHHWFHKVMDMLCYE,140,0.7693356466408386,0.7170274804820571,0.6529496067796243
4xuoA,AAKAGDILLSHSFEEGTTQGWTARGGVKVDVTAEQAYQGKQSLQTTGRTEAWNGPSLSLTDVVHKNEVVEISGYVKLVAGSAPADLKFTVERRDGNGDTQYDQVNAAEQVTDQKWVKLQGQYSYEQGSSLLLYLESTDAKAAYLLDEFQIRLVKAA,GGWDFGVVGVWDFDDGRPTGIKMINGVDVQESYDPPYHGTHNIYIDDDRSKWAAYAVWNWQNVIKGRKIHCTYYAYREPEAETIDMTVYFDCVTPAGYPIIVAMCNYFVMTHDRRFYFWGYIMPPTTWMFKYIIWIPPDPTACWWYTNCRFFRISG,156,0.9120106556945031,0.7134699850962245,0.7001608919635995
2ywlA,XWDVIVVGGGPSGLSAALFLARAGLKVLVLDGGRSKVKGVSRVPNYPGLLDEPSGEELLRRLEAHARRYGAEVRPGVVKGVRDXGGVFEVETEEGVEKAERLLLCTHKDPTLPSLLGLTRRGAYIDTDEGGRTSYPRVYAAGVARGKVPGHAIISAGDGAYVAVHLVSDLRGEPYKDHAL,CIIAKIHSCDFDVFRAWLERKIFDSPIKVDCDIDPGDDDNFVLDDQVHCEPDAGPEAQKFVEDMWQDMGFNVKWNPESPGVLVTDNVWMIISSKCSVVVLIPPLDTYERDEEFHKRDFQAHFPPFKIELPEIDCWNAVCVPDAYENDPTYSDDDLRIGMEYWKFLCDKLARLHWNFCVAA,180,0.8500067961015981,0.47918962385388053,0.5314978144491995
6mjbB,NAETIEIIKDLFEHLAGVRVHRTYEDDTGLWFDTSQGSKNGIMDYKLGFVKSQAENTTEVDTEVIYVPLLKQRTAEELQELQKKLPDYLFETLSFPLRSLNQFYIKMSKSLNK,GDKGTLQIQDCLRQWFQGNVIECREEGDGYRIQFKMHIQVGYCAVGCVTDLKPKPTDSTQIIKFEICNIWDNGIPGNTHELMKKIFKPDNQWLFVVDNEKWNHLWDVMQKFIG,113,0.843586188853882,0.6707611162387399,0.6672746917141339
2qmhJ,ERRSMHGVLVDIYGLGVLITGDSGVGKSETALELVQRGHRLIADDRVDVYQQDEQTIVGAAPPILSHLLEIRGLGIIDVMNLFGAGAVREDTTISLIVHLENWTPDKTFDRLGSGEQTQLIFDVPVPKITVPFKVGRNLAIIIEVAAMNFRAKSMGYDATKTFEKNLNHLIEHNEETD,IFLPHAVISFYLCDLPVSYEVGLGDNLSDVLSLLSEAGVDEFIDNEGHAWFLFNGQIFTWNPHDLDYLIWNDGEMMLDVNAKPEDEEHWLDAELGDHLVIFMLHPIIGYEPLPSIDHEMIVVKPGCSQVFSHSCYELDEFGKCINQIVTWWINQGVEPLGEYVMQILEEIVQMICGHN,178,0.926175447321587,0.5446760520135485,0.5247299980040064
6e5uM,DSNTVSSFQVDCFLWHVRKQVADQELGDAPFLDRLRADQASLKGRGSTLGLNIETATCVGKQIVERILKEE,KIQWIIIDCAWLIMDFVDAIMIFTWKLDIWRMMLIIICAIEIYVLICYLCMPWEEILALMECYVEAYKMMK,71,0.6603662595222527,0.6992519014905383,0.8517918746547334
