index,original_sequence,designed_sequence,length,pcc_original,pcc_generated,delta_pcc,mae_original,mae_generated,delta_mae,mse_original,mse_generated
0,RKTVTWPEEGKLREYFYFELDETERVNVNK,RRMNERQCMCCPKKKWRWGLIGQTKHDEYC,30,0.20774673,0.92281544,0.7150687,0.47959027,0.25574115,-0.22384912,0.45031744,0.10864239
1,RARTEDYLKRKIRSRPERAELVRMHILEET,RCCDLEYRYKYYWQWGAWCTVSYDRLVWGC,30,0.43666443,0.90781766,0.47115323,0.3769051,0.2201858,-0.15671931,0.33372176,0.09132519
2,MVSKLSQLQTEMLAALLESGLSKEALIQALG,CWTKDGLYKYKYMPCAAKKTCAWWGGWKCQG,31,0.60288674,0.8856423,0.28275555,0.21365151,0.16295256,-0.05069895,0.14014713,0.046183694
3,PPRTHWDMLLERRSIEELEELLKERLELIRSR,HHEARYVCIPWELVQYFGPINITPKCNTIEDC,32,0.40595442,0.8992845,0.49333006,0.2241887,0.13021362,-0.09397508,0.173565,0.03184148
4,RAERWKAENQEGMAEVARFIEMNGSFADENRDW,ACWWWGFCSLACQGYSWDVMPDCMKQVYNNNYE,33,0.47023588,0.86663854,0.39640266,0.37423742,0.27716458,-0.09707284,0.34032288,0.11788677
5,MPRWKRHISEQLRRRDRLQRQAFEEIILQYNKLL,QCRYMRQEINDCRKHAKSFRVSYNRHMHSRTLTP,34,0.8361807,0.9067847,0.07060403,0.1736865,0.11671829,-0.056968212,0.042725112,0.025870237
6,ADTLLHFATESTPDGLALLDEPFIQKDVELRIMPPV,PLQEQWRAPRPVLYPRVRKREPKMDFPACDEMFNPE,36,0.4289591,0.8740756,0.4451165,0.34559095,0.13092256,-0.2146684,0.2067431,0.038974117
7,GPLGSQDLLELKSVIKLQAWWRGTMIRREIGGFKMPK,IVLSPVQQALIDAPPQYDSENWGGLLRRAGVGAIVIR,37,0.828012,0.93093723,0.10292524,0.20691329,0.13188362,-0.07502967,0.0687137,0.02842568
8,MMGSYAASFLPWIFIPVVCWLMPTVVMGLLFLYIEGEA,RQGHFYHCKDPRVDEPCFSRINVDVAYSPVHKRYFGRH,38,0.864558,0.91068727,0.046129286,0.24184899,0.16989791,-0.07195108,0.09167377,0.046631243
9,HIAAQQKAALQHAHAHSSGYFITQDSAFGNLILPVLPRL,DWPGFCKDACKHCHNRAHAYPCALQDPYYEPSCHPHIKK,39,0.67698336,0.9151382,0.23815483,0.3349983,0.16140507,-0.17359324,0.17215717,0.04233929
10,SATTFRILAHLDEQRYPLPEKNLPSLFEGFKATVSIIQQR,VASAIFQWPKPCQWWRPLMRRPKMMWRDGCQVLVPYDFWH,40,0.729026,0.89263755,0.16361153,0.29586715,0.19956465,-0.096302494,0.15623635,0.07117226
11,VDLTVPWDDIEALLKNNFENDQAAVRQVMERLQKGWSLAK,CGYQCMCYHFKQWVIREFRGNHVAIRKHCKRTCKPQPVAR,40,0.7637534,0.92108953,0.15733612,0.2795778,0.17603645,-0.103541344,0.13114251,0.048953064
12,MKHFLTYLSTAPVLAAIWMTITAGILIEFNRFYPDLLFHPL,NYQEIPLCDPAWGWICDKILCCCVEKFEYEKEHTQIRDFSL,41,0.86065537,0.9022477,0.04159236,0.1973,0.16100325,-0.036296755,0.06288959,0.036970716
13,ATLTAEQSEELHKYVIDGTRVFLGLALVAHFLAFSATPWLH,QQAFQDEPEADRKKLCVSMDKKPGEVNDMYQWVEQMANIGR,41,0.8893236,0.838308,-0.051015615,0.1404499,0.17504478,0.03459488,0.03350484,0.04529174
14,ELDKWASLWNWFNITNWLWYIKIEELKSKIKRIENEIKRIKK,RMTQYAPHRPWMAPALWDRYSWPGVNEAIDERYIVIVRWQYW,42,0.91110003,0.94066036,0.029560328,0.13522357,0.11026524,-0.024958327,0.030176286,0.018436065
15,SPEERYEHQLRQLNDMGFFDFDRNVAALRRSGGSVQGALDSLL,NWCGKNADYASMCAHHGMQNQQKVIGCCKKGFCDPEYFHKHCN,43,0.7737794,0.8871126,0.113333225,0.21424872,0.21107446,-0.0031742603,0.1270765,0.07358439
16,EITKTLLNIRSLRAYARELTIEQLEEALDKLTTVVQERKEAEAEE,FKSDSPEVVWTGENIARRCAPYDGHEVNLWHIHPCHEKEQAPCWQ,45,0.9146773,0.8906182,-0.024059117,0.13902153,0.16797046,0.028948933,0.03282676,0.04186505
17,NAEASRVYEIIVESVVNEVREDFENAGIDEQTLQDLKNIWQKKLTE,WVWTPWDRWHEFQEWCIREYRYMMWNPGQFKVCFTDWKNWVYKHYV,46,0.87288386,0.9098461,0.03696227,0.16728945,0.13571891,-0.03157054,0.04130848,0.031093836
18,LLEKGLDGAKKAVGGLGKLGKDAVEDLESVGKGAVHDVKDVLDSVL,KKFRGTGCTKEGVIVRPPWCEDCNHMKFIDCEPISCMPPGDDTSTY,46,0.9300654,0.8895026,-0.04056281,0.16000646,0.15965344,-0.0003530234,0.040717382,0.042645607
19,GKKSKATKKRLAKLDNQNSRVPAWVMLKTDRRNHKRRHWRRNDTDE,AWFARGAYKHPALMYYWISWQVHWMEFFEPRRPKFMTDRRRPVAHH,46,0.7391698,0.8987281,0.1595583,0.31649375,0.21565476,-0.10083899,0.15181194,0.074894674
20,GTTTMGVKLDDATRERIKSAATRIDRTPHWLIKQAIFSYLEQLENSD,VFKYHVYAPYWNIMIKAQKVCQRTQHSVEDAVWDVLDLKCWLANVPH,47,0.7211709,0.8523459,0.13117498,0.206522,0.20443183,-0.002090171,0.11675387,0.06905224
21,SIPASVIPEELISQAQVVLQGKSRSVIIRELQRTNLDVNLAVNNLLS,NPPPRVILMTGGACGFKHARWQIPGGASWCAMRIWHCDPAGCYWVFR,47,0.91481453,0.7862231,-0.12859142,0.14844629,0.25642684,0.10798055,0.03681349,0.097247794
22,HMPVPSFGEAMAYFAMVKRYLTSFPIDDRVQSHILHLEHDLVHVTRKN,YQTYEPWPVAILKVFNEMKIIIPNWVPFWMTALVPETGNLISAAINYL,48,0.8789595,0.8574392,-0.021520257,0.18688051,0.20370252,0.01682201,0.059773568,0.069647625
23,VEQQFDLQKYRQQVRDISREDLEDLFIEVVRQKMAHENIFKGMIRQGS,AYYDQPLMMWKNQAKQLPRNWTWHPNHPCPHWKIDKKNWKNVDWKQVS,48,0.8480463,0.86709976,0.01905346,0.16139239,0.15013008,-0.0112623125,0.04488455,0.038673624
24,GSHMSSRHQFAPGATVLYKGDKMVLNLDRSRVPTECIEKIEAILKELE,PNEEGVFEEEWTCCAVLYFNYETGSFDARHYVRWEDIDKVHFEEKEFR,48,0.84352607,0.8949658,0.051439762,0.22978842,0.17757885,-0.05220957,0.07624514,0.052424032
25,SKMPQVNLRWPREVLDLVRKVAEENGRSVNSEIYQRVMESFKKEGRIGA,NRFTRAHVRRPWWQNPIIKLCIRIMMYVVWCTCHMRCGPCKNRYCRCKG,49,0.9030325,0.85770905,-0.04532343,0.19262385,0.2235483,0.03092444,0.062616035,0.07908455
26,TFTSFQLEELEKAFSRTHYPDVFTREELAMKIGLTEARIQVWFQNRRAKWR,KGCERGFEQAKWCMHYCPWSPHCWMHHCCKYFGIDQDAFMALCIPFLPFWK,51,0.77504057,0.88652974,0.11148918,0.23999822,0.20902926,-0.030968964,0.12285557,0.07078514
27,VDLQSLPTRAYLDQTVVPILLQGMAVLAKERPPNPIEFLASYLLKNKAQFED,PDCKHTNFKGDIMRQSCGCYWQCREFCVKFRMWPTKQCCAPHVKRLKAQGRW,52,0.86667603,0.91084266,0.044166625,0.20635666,0.17987591,-0.02648075,0.06904718,0.0537464
28,NQGKIWTVVNPAIGIPALLGSVTVIAILVHLAILSHTTWFPAYWQGGVKKAA,IEDRNTKPVLHDWLPVGWECYYQNMCMKGHLCHCEKIKKVPARRRGPFRYIE,52,0.87179285,0.8792766,0.007483721,0.20548256,0.19175322,-0.013729334,0.061472595,0.049061377
29,PSLKVHFFSKKSRRLVARLRGFTPGDLNGISVEERRNLRIELLDFMMRLEYYS,WAAVRYGFLVWHLGICNRIFGNVEIHPWIATPRWDKTKEWWDEDWWKYLHPKS,53,0.56664854,0.8333046,0.26665604,0.2788791,0.20991667,-0.06896244,0.15150735,0.06306935
